seed,size,draw,rule,members_flagged,nonmembers_flagged,members_flagged_three_scales,nonmembers_flagged_three_scales,members_flagged_hidden1,nonmembers_flagged_hidden1,members_flagged_hidden2,nonmembers_flagged_hidden2,count,step,zero_point,boundary,hidden1_step,hidden2_step,hidden1_zero_point,hidden2_zero_point,hidden_quantizers_post_relu,member_boundary_match,fp32_auroc,int8_auroc,mean_absolute_prediction_change,unique_fp32_probabilities,unique_int8_probabilities,activation_quantizer_count,probability_output_scale,top3_overlap_eligible,eligible_fraction,attr_l1_absolute_mean,fp_attr_l1_absolute_mean,top3_deletion,random3_deletion,threshold_disagreement,simulated_top3_overlap_eligible,simulated_eligible_fraction,simulated_attr_l1_absolute_mean,simulated_fp_attr_l1_absolute_mean,simulated_top3_deletion,simulated_random3_deletion,simulated_threshold_disagreement,simulated_auroc,native_vs_simulated_mean_absolute_prediction_change
311,64,0,minmax,1,1,2,1,1,0,1,0,64,0.05133170261979103,0,6.519126232713461,0.012143269181251526,0.011292809620499611,0,0,True,True,0.6233482266801431,0.6238039305160035,0.0028351508,9987,8475,3,,,,,,,,,,,,,,,,,
311,64,0,percentile,0,0,0,0,0,0,0,0,64,0.016517380252480507,0,2.0977072920650244,0.00819433480501175,0.009947377257049084,0,0,True,False,0.6233482266801431,0.6221016850264732,0.0053620143,9987,8663,3,,,,,,,,,,,,,,,,,
311,64,1,minmax,1,0,2,0,1,0,1,0,64,0.10500029474496841,0,13.335037432610989,0.01783682405948639,0.011289658024907112,0,0,True,True,0.6233482266801431,0.6226333803243469,0.0053062956,9987,8570,3,,,,,,,,,,,,,,,,,
311,64,1,percentile,0,0,0,0,0,0,0,0,64,0.016508834436535835,0,2.096621973440051,0.00867454893887043,0.010010750964283943,0,0,True,False,0.6233482266801431,0.6223591129928745,0.005279173,9987,8666,3,,,,,,,,,,,,,,,,,
311,64,2,minmax,1,0,2,0,1,0,1,0,64,0.05133170261979103,0,6.519126232713461,0.009827089495956898,0.011009613052010536,0,0,True,True,0.6233482266801431,0.6244268645555369,0.0029235638,9987,8491,3,,,,,,,,,,,,,,,,,
311,64,2,percentile,0,0,0,0,0,0,0,0,64,0.015940900892019272,0,2.0244944132864475,0.008046888746321201,0.01017098966985941,0,0,True,False,0.6233482266801431,0.6220686798709333,0.0055392566,9987,8600,3,,,,,,,,,,,,,,,,,
311,64,3,minmax,1,0,3,0,1,0,1,0,64,0.028584564104676247,0,3.6302396412938833,0.011719572357833385,0.01107832696288824,0,0,True,True,0.6233482266801431,0.6238207086470201,0.0026224724,9987,8553,3,,,,,,,,,,,,,,,,,
311,64,3,percentile,0,0,0,0,0,0,0,0,64,0.01801888458430767,0,2.288398342207074,0.008377662859857082,0.00998023059219122,0,0,True,False,0.6233482266801431,0.6227753208633855,0.004983675,9987,8621,3,,,,,,,,,,,,,,,,,
311,64,4,minmax,1,0,3,0,1,0,1,0,64,0.04369596764445305,0,5.549387890845537,0.012189080938696861,0.012022066861391068,0,0,True,True,0.6233482266801431,0.6241056919380835,0.0021096293,9987,8391,3,,,,,,,,,,,,,,,,,
311,64,4,percentile,0,0,0,0,0,0,0,0,64,0.01986374333500862,0,2.522695403546095,0.008504979312419891,0.00983837153762579,0,0,True,False,0.6233482266801431,0.6232014486507749,0.004237677,9987,8652,3,,,,,,,,,,,,,,,,,
311,64,5,minmax,1,0,2,0,1,0,1,0,64,0.05133170261979103,0,6.519126232713461,0.009965023025870323,0.01121545024216175,0,0,True,True,0.6233482266801431,0.6245470670051194,0.0029159123,9987,8516,3,,,,,,,,,,,,,,,,,
311,64,5,percentile,0,0,0,0,0,0,0,0,64,0.01533935684710741,0,1.9480983195826411,0.007644067518413067,0.009556133300065994,0,0,True,False,0.6233482266801431,0.621495712820121,0.006089014,9987,8663,3,,,,,,,,,,,,,,,,,
311,64,6,minmax,1,0,2,0,1,0,1,0,64,0.029712209478020668,0,3.773450603708625,0.013183451257646084,0.011547507718205452,0,0,True,True,0.6233482266801431,0.6242374063899696,0.0028065601,9987,8449,3,,,,,,,,,,,,,,,,,
311,64,6,percentile,0,0,0,0,0,0,0,0,64,0.01595870777964592,0,2.026755888015032,0.007821236737072468,0.00960224773734808,0,0,True,False,0.6233482266801431,0.6217462213383291,0.0056668823,9987,8631,3,,,,,,,,,,,,,,,,,
311,64,7,minmax,1,0,2,0,1,0,1,0,64,0.0647488534450531,0,8.223104387521744,0.013484804891049862,0.011048865504562855,0,0,True,True,0.6233482266801431,0.6233182832273433,0.003157112,9987,8510,3,,,,,,,,,,,,,,,,,
311,64,7,percentile,0,0,0,0,0,0,0,0,64,0.01650336943566799,0,2.095927918329835,0.007150633726269007,0.009969874285161495,0,0,True,False,0.6233482266801431,0.621656023575601,0.005807441,9987,8576,3,,,,,,,,,,,,,,,,,
311,64,8,minmax,1,0,3,0,1,0,1,0,64,0.06369314342737198,0,8.089029215276241,0.012079190462827682,0.012547618709504604,0,0,True,True,0.6233482266801431,0.6241881742099061,0.002617898,9987,8388,3,,,,,,,,,,,,,,,,,
311,64,8,percentile,0,0,0,0,0,0,0,0,64,0.016514189541339874,0,2.097302071750164,0.0077972118742764,0.009821207262575626,0,0,True,False,0.6233482266801431,0.6221289341808616,0.005489034,9987,8637,3,,,,,,,,,,,,,,,,,
311,64,9,minmax,1,0,3,0,1,0,1,0,64,0.029712209478020668,0,3.773450603708625,0.01084926724433899,0.011276359669864178,0,0,True,True,0.6233482266801431,0.624428395406907,0.0027462973,9987,8509,3,,,,,,,,,,,,,,,,,
311,64,9,percentile,0,0,0,0,0,0,0,0,64,0.01652451604604721,0,2.0986135378479958,0.007972728461027145,0.010373369790613651,0,0,True,False,0.6233482266801431,0.6222719769328866,0.0054289633,9987,8539,3,,,,,,,,,,,,,,,,,
311,64,10,minmax,1,0,3,0,1,0,1,0,64,0.05133170261979103,0,6.519126232713461,0.011993613094091415,0.010882447473704815,0,0,True,True,0.6233482266801431,0.6244652583078998,0.0028546418,9987,8571,3,,,,,,,,,,,,,,,,,
311,64,10,percentile,0,0,0,0,0,0,0,0,64,0.016517380252480507,0,2.0977072920650244,0.0076189893297851086,0.010138529352843761,0,0,True,False,0.6233482266801431,0.6220445536533401,0.0055291452,9987,8603,3,,,,,,,,,,,,,,,,,
311,64,11,minmax,1,0,2,0,1,0,1,0,64,0.0647488534450531,0,8.223104387521744,0.012485126964747906,0.01057539600878954,0,0,True,True,0.6233482266801431,0.6228375346630676,0.0031555204,9987,8544,3,,,,,,,,,,,,,,,,,
311,64,11,percentile,0,0,0,0,0,0,0,0,64,0.01650336943566799,0,2.095927918329835,0.007803204469382763,0.009857632219791412,0,0,True,False,0.6233482266801431,0.6220830086397577,0.0054722144,9987,8628,3,,,,,,,,,,,,,,,,,
311,256,0,minmax,1,0,1,0,1,0,1,0,256,0.5792657136917114,0,73.56674563884735,0.07316025346517563,0.013241427950561047,0,0,True,True,0.6233482266801431,0.6274239653679781,0.015152874,9987,8415,3,,0.7424836601307189,0.99609375,0.08384692564141005,0.19691271253395826,0.062055133283138275,0.03303787112236023,0.1361,0.7424836601307189,0.99609375,0.08384693715931978,0.19691271253395826,0.062055124699261964,0.03303786752920048,0.1361,0.6274236591977042,2.206461496440347e-08
311,256,0,percentile,0,0,0,0,0,0,0,0,256,0.016404984518885612,0,2.083433033898473,0.00800190307199955,0.009853484109044075,0,0,True,False,0.6233482266801431,0.6220196313930343,0.005361233,9987,8635,3,,0.9140625,1.0,0.03858762083109468,0.19691271253395826,0.060572028160095215,0.03402146324515343,0.029,,,,,,,,,
311,256,1,minmax,1,0,3,0,1,0,1,0,256,0.06119672581553459,0,7.771984178572893,0.013537541963160038,0.011558136902749538,0,0,True,True,0.6233482266801431,0.623062508580422,0.002860061,9987,8457,3,,0.93359375,1.0,0.018764813896268606,0.19691271253395826,0.06450757384300232,0.03609072417020798,0.0257,0.93359375,1.0,0.01876482277178732,0.19691271253395826,0.06450757756845615,0.036090723339382624,0.0257,0.623062508580422,9.438813044913684e-08
311,256,1,percentile,0,0,0,0,0,0,0,0,256,0.016524311155080795,0,2.098587516695261,0.007813171483576298,0.009808613918721676,0,0,True,False,0.6233482266801431,0.622432165220257,0.0055048116,9987,8630,3,,0.9140625,1.0,0.03923563042189926,0.19691271253395826,0.059796106070280075,0.033637333661317825,0.031,,,,,,,,,
311,256,2,minmax,2,0,4,0,1,0,1,0,256,0.07816600054502487,0,9.927082069218159,0.017003271728754044,0.01243687141686678,0,0,True,True,0.6233482266801431,0.6237544533997208,0.0026479461,9987,8359,3,,0.94140625,1.0,0.021429608459584415,0.19691271253395826,0.06162341311573982,0.035193540155887604,0.0231,0.94140625,1.0,0.021429611631536567,0.19691271253395826,0.06162341078861589,0.03519353398633863,0.0231,0.6237564128894746,3.5079664504689414e-08
311,256,2,percentile,0,0,0,0,0,0,0,0,256,0.019846836104989052,0,2.5205481853336096,0.008501635864377022,0.009940994903445244,0,0,True,False,0.6233482266801431,0.6236179626915599,0.004264014,9987,8582,3,,0.9348958333333333,1.0,0.030311796814203262,0.19691271253395826,0.06147642061114311,0.03452575206756592,0.0266,,,,,,,,,
311,256,3,minmax,2,1,3,1,1,0,1,0,256,0.0647488534450531,0,8.223104387521744,0.01617928221821785,0.011914203874766827,0,0,True,True,0.6233482266801431,0.622804100869144,0.0032151488,9987,8425,3,,0.9296875,1.0,0.02258878923021257,0.19691271253395826,0.06436644494533539,0.03583087399601936,0.0293,0.9296875,1.0,0.02258879688128811,0.19691271253395826,0.06436644552480375,0.03583087639628619,0.0293,0.6228023250815546,3.2239341721646694e-08
311,256,3,percentile,0,0,0,0,0,0,0,0,256,0.017230529338121414,0,2.1882772259414196,0.008129141293466091,0.01020968146622181,0,0,True,False,0.6233482266801431,0.6222524432694037,0.00502134,9987,8558,3,,0.9192708333333333,1.0,0.035840438678860664,0.19691271253395826,0.061023883521556854,0.033983610570430756,0.0263,,,,,,,,,
311,256,4,minmax,1,0,3,0,1,0,1,0,256,0.07099616527557373,0,9.016512989997864,0.013032975606620312,0.01184050366282463,0,0,True,True,0.6233482266801431,0.6240680329943784,0.0019649505,9987,8445,3,,0.9361979166666665,1.0,0.01773343002423644,0.19691271253395826,0.06378991156816483,0.036085404455661774,0.0173,0.9361979166666665,1.0,0.017733427308067,0.19691271253395826,0.06378991128779918,0.03608540778052603,0.0173,0.6240701149522417,2.1221704795661135e-08
311,256,4,percentile,0,0,0,0,0,0,0,0,256,0.016501061618328094,0,2.095634825527668,0.00782742165029049,0.010250592604279518,0,0,True,False,0.6233482266801431,0.6223887502754001,0.0054193926,9987,8503,3,,0.9036458333333331,1.0,0.0390335883712396,0.19691271253395826,0.06092992424964905,0.03372464329004288,0.0298,,,,,,,,,
311,256,5,minmax,1,0,3,0,1,0,1,0,256,0.04180704057216644,0,5.309494152665138,0.01100497879087925,0.01170903816819191,0,0,True,True,0.6233482266801431,0.6247899825005319,0.0019841404,9987,8495,3,,0.953125,1.0,0.018106963951140642,0.19691271253395826,0.06206941977143288,0.03511111065745354,0.0121,0.953125,1.0,0.018106959872291776,0.19691271253395826,0.06206942432273769,0.03511110886837475,0.0121,0.6247898600324222,2.7546526609217945e-08
311,256,5,percentile,0,0,0,0,0,0,0,0,256,0.016514597460627556,0,2.0973538774996996,0.007942070253193378,0.009879500605165958,0,0,True,False,0.6233482266801431,0.6222774267637643,0.0054288926,9987,8648,3,,0.9114583333333333,1.0,0.03843474038876593,0.19691271253395826,0.0604185089468956,0.0334756076335907,0.0306,,,,,,,,,
311,256,6,minmax,1,0,2,0,1,0,1,0,256,0.07816600054502487,0,9.927082069218159,0.012527937069535255,0.012088693678379059,0,0,True,True,0.6233482266801431,0.6236415378026601,0.0025900863,9987,8411,3,,0.9388020833333333,1.0,0.018225848791189492,0.19691271253395826,0.06203511729836464,0.03508928790688515,0.0231,0.9388020833333333,1.0,0.018225855474364665,0.19691271253395826,0.062035115614074876,0.035089282308320854,0.0231,0.6236407417599475,2.1356028524228206e-08
311,256,6,percentile,0,0,0,0,0,0,0,0,256,0.01648814044892788,0,2.0939938370138407,0.00808076374232769,0.009916506707668304,0,0,True,False,0.6233482266801431,0.6218915297503818,0.0053492677,9987,8631,3,,0.9231770833333334,1.0,0.038463018368929625,0.19691271253395826,0.06041357293725014,0.03362599387764931,0.0303,,,,,,,,,
311,256,7,minmax,1,0,1,0,1,0,1,0,256,0.14525173604488373,0,18.446970477700233,0.024552104994654655,0.011586710810661316,0,0,True,True,0.6233482266801431,0.6209838573560041,0.0030030652,9987,8506,3,,0.9049479166666666,1.0,0.02966890251263976,0.19691271253395826,0.0646902322769165,0.03566910699009895,0.0251,0.9049479166666666,1.0,0.02966889714122106,0.19691271253395826,0.06469023701562338,0.035669107914931726,0.0251,0.620984224760333,3.715464368174012e-08
311,256,7,percentile,0,0,0,0,0,0,0,0,256,0.0162415262311697,0,2.062673831358552,0.00787633378058672,0.00995167251676321,0,0,True,False,0.6233482266801431,0.6218110682023678,0.005540374,9987,8661,3,,0.9140625,1.0,0.03924714413005859,0.19691271253395826,0.06121494248509407,0.03364961966872215,0.0314,,,,,,,,,
311,256,8,minmax,1,0,1,0,1,0,1,0,256,0.20975345373153687,0,26.638688623905182,0.01981610804796219,0.016801180317997932,0,0,True,True,0.6233482266801431,0.6222498714391019,0.0043954696,9987,7956,3,,0.8919270833333333,1.0,0.031399096245877445,0.19691271253395826,0.062003374099731445,0.036046069115400314,0.0367,0.8919270833333333,1.0,0.03139909648047594,0.19691271253395826,0.062003372651598665,0.036046068766892744,0.0367,0.6222503613115403,1.984730983211007e-08
311,256,8,percentile,0,0,0,0,0,0,0,0,256,0.018128106370568275,0,2.302269509062171,0.008311540819704533,0.009901868179440498,0,0,True,False,0.6233482266801431,0.6225297723036165,0.004704254,9987,8669,3,,0.9322916666666666,1.0,0.03340270591434091,0.19691271253395826,0.06057357043027878,0.034099847078323364,0.027,,,,,,,,,
311,256,9,minmax,1,0,2,0,1,0,1,0,256,0.07829917967319489,0,9.94399581849575,0.011203783564269543,0.012415686622262001,0,0,True,True,0.6233482266801431,0.6242282825158035,0.002746122,9987,8296,3,,0.9440104166666665,1.0,0.01790729572530836,0.19691271253395826,0.0612722784280777,0.03490626811981201,0.022,0.9440104166666665,1.0,0.017907306428137867,0.19691271253395826,0.06127227089539759,0.034906268098799924,0.022,0.6242293234947354,1.9695292422850993e-08
311,256,9,percentile,0,0,0,0,0,0,0,0,256,0.016478000208735466,0,2.092706026509404,0.008205896243453026,0.009966498240828514,0,0,True,False,0.6233482266801431,0.6222537291845547,0.0053169997,9987,8601,3,,0.9036458333333333,1.0,0.038307038019411266,0.19691271253395826,0.05871592462062836,0.03369106352329254,0.0295,,,,,,,,,
311,256,10,minmax,2,0,3,0,1,0,1,0,256,0.09158314764499664,0,11.631059750914574,0.02131066285073757,0.011746132746338844,0,0,True,True,0.6233482266801431,0.6228080198486515,0.0022269941,9987,8496,3,,0.91015625,1.0,0.024150177836418152,0.19691271253395826,0.06617331504821777,0.03604617714881897,0.0199,0.91015625,1.0,0.024145653124481085,0.19691271253395826,0.06617331129086025,0.036046178942379,0.0199,0.6228067951675553,5.63002545507348e-08
311,256,10,percentile,0,0,0,0,0,0,0,0,256,0.016501063480973244,0,2.095635062083602,0.007845820859074593,0.009841973893344402,0,0,True,False,0.6233482266801431,0.6221169323061198,0.005445259,9987,8629,3,,0.9088541666666665,1.0,0.03897954348940402,0.19691271253395826,0.06239082291722298,0.033617887645959854,0.03,,,,,,,,,
311,256,11,minmax,1,0,1,0,1,0,1,0,256,0.18054141104221344,0,22.928759202361107,0.017842773348093033,0.016429614275693893,0,0,True,True,0.6233482266801431,0.6253519274214792,0.00808538,9987,7998,3,,0.8736979166666666,1.0,0.03672288346569985,0.19691271253395826,0.06506819278001785,0.034145109355449677,0.0753,0.8736979166666666,1.0,0.0367228785394943,0.19691271253395826,0.0650681987783286,0.034145109948979874,0.0753,0.6253516212512052,3.055357084929353e-08
311,256,11,percentile,0,0,0,0,0,0,0,0,256,0.019834870472550392,0,2.5190285500139,0.008721004240214825,0.010156196542084217,0,0,True,False,0.6233482266801431,0.6234912081981132,0.0042404053,9987,8607,3,,0.9374999999999999,1.0,0.029752786154858768,0.19691271253395826,0.06290619820356369,0.034715838730335236,0.0257,,,,,,,,,
312,64,0,minmax,1,0,2,0,1,0,1,0,64,0.05639013275504112,0,7.1615468598902225,0.021050097420811653,0.00868277158588171,0,0,True,True,0.6214203949327104,0.62228348893519,0.0026959004,9986,8842,3,,,,,,,,,,,,,,,,,
312,64,0,percentile,0,0,0,0,0,0,0,0,64,0.015942327678203583,0,2.024675615131855,0.009353314526379108,0.007792448624968529,0,0,True,False,0.6214203949327104,0.6184005150518818,0.0059305946,9986,8896,3,,,,,,,,,,,,,,,,,
312,64,1,minmax,2,0,4,0,1,0,1,0,64,0.04549767076969147,0,5.778204187750816,0.016640976071357727,0.009785756468772888,0,0,True,True,0.6214203949327104,0.6219974034311401,0.0024946788,9986,8636,3,,,,,,,,,,,,,,,,,
312,64,1,percentile,0,0,0,0,0,0,0,0,64,0.02070499397814274,0,2.6295342352241278,0.009336172603070736,0.007305869832634926,0,0,True,False,0.6214203949327104,0.6191968027005688,0.00473182,9986,8909,3,,,,,,,,,,,,,,,,,
312,64,2,minmax,1,0,3,0,1,0,1,0,64,0.03791455924510956,0,4.815149024128914,0.01231986191123724,0.009699628688395023,0,0,True,True,0.6214203949327104,0.621266513752985,0.0026562244,9986,8628,3,,,,,,,,,,,,,,,,,
312,64,2,percentile,0,0,0,0,0,0,0,0,64,0.016532080247998238,0,2.099574191495776,0.0085721705108881,0.007473640143871307,0,0,True,False,0.6214203949327104,0.6182221402502341,0.006161733,9986,8932,3,,,,,,,,,,,,,,,,,
312,64,3,minmax,1,0,3,0,1,0,1,0,64,0.03791455924510956,0,4.815149024128914,0.016029277816414833,0.00945055391639471,0,0,True,True,0.6214203949327104,0.6222579543343363,0.0026931674,9986,8642,3,,,,,,,,,,,,,,,,,
312,64,3,percentile,0,0,0,0,0,0,0,0,64,0.019864413887262344,0,2.5227805636823177,0.009775667451322079,0.007383245043456554,0,0,True,False,0.6214203949327104,0.6196803680313656,0.0047047744,9986,8934,3,,,,,,,,,,,,,,,,,
312,64,4,minmax,1,0,2,0,1,0,1,0,64,0.09259484708309174,0,11.75954557955265,0.027070367708802223,0.008812753483653069,0,0,True,True,0.6214203949327104,0.6211507813894032,0.0028777348,9986,8740,3,,,,,,,,,,,,,,,,,
312,64,4,percentile,0,0,0,0,0,0,0,0,64,0.01650249771773815,0,2.0958172101527452,0.009662323631346226,0.007444366812705994,0,0,True,False,0.6214203949327104,0.6191227094942544,0.0057000755,9986,8867,3,,,,,,,,,,,,,,,,,
312,64,5,minmax,1,0,2,0,1,0,1,0,64,0.06119672581553459,0,7.771984178572893,0.01790057122707367,0.009743452072143555,0,0,True,True,0.6214203949327104,0.6211597215614046,0.0028670935,9986,8601,3,,,,,,,,,,,,,,,,,
312,64,5,percentile,0,0,0,0,0,0,0,0,64,0.019871007651090622,0,2.523617971688509,0.010243882425129414,0.007107772398740053,0,0,True,False,0.6214203949327104,0.6196100101023944,0.0047116145,9986,8950,3,,,,,,,,,,,,,,,,,
312,64,6,minmax,1,0,2,0,1,0,1,0,64,0.05133170261979103,0,6.519126232713461,0.014230860397219658,0.009843098931014538,0,0,True,True,0.6214203949327104,0.6222279496474816,0.0029083919,9986,8640,3,,,,,,,,,,,,,,,,,
312,64,6,percentile,0,0,0,0,0,0,0,0,64,0.015940900892019272,0,2.0244944132864475,0.009081901982426643,0.007074727211147547,0,0,True,False,0.6214203949327104,0.6185992195597247,0.006188664,9986,8982,3,,,,,,,,,,,,,,,,,
312,64,7,minmax,1,0,3,0,1,0,1,0,64,0.03791455924510956,0,4.815149024128914,0.012592959217727184,0.009131339378654957,0,0,True,True,0.6214203949327104,0.620895864019249,0.0026551173,9986,8766,3,,,,,,,,,,,,,,,,,
312,64,7,percentile,0,0,0,0,0,0,0,0,64,0.01817973330616951,0,2.3088261298835278,0.008436298929154873,0.0077357785776257515,0,0,True,False,0.6214203949327104,0.6173098753017461,0.0056191743,9986,8895,3,,,,,,,,,,,,,,,,,
312,64,8,minmax,1,0,3,0,1,0,1,0,64,0.05639013275504112,0,7.1615468598902225,0.016591278836131096,0.009846904315054417,0,0,True,True,0.6214203949327104,0.6213893492669242,0.002530435,9986,8638,3,,,,,,,,,,,,,,,,,
312,64,8,percentile,0,0,0,0,0,0,0,0,64,0.02043040841817856,0,2.594661869108677,0.010288537479937077,0.00768808601424098,0,0,True,False,0.6214203949327104,0.6194060394658382,0.0043412177,9986,8878,3,,,,,,,,,,,,,,,,,
312,64,9,minmax,1,0,3,0,1,0,1,0,64,0.051251668483018875,0,6.508961897343397,0.01296143513172865,0.008670443668961525,0,0,True,True,0.6214203949327104,0.6222125798997256,0.002838221,9986,8794,3,,,,,,,,,,,,,,,,,
312,64,9,percentile,0,0,0,0,0,0,0,0,64,0.01651665009558201,0,2.097614562138915,0.009581842459738255,0.007247948553413153,0,0,True,False,0.6214203949327104,0.6188717723376627,0.0057669748,9986,8921,3,,,,,,,,,,,,,,,,,
312,64,10,minmax,1,0,3,0,1,0,1,0,64,0.05133170261979103,0,6.519126232713461,0.014432740397751331,0.009740401990711689,0,0,True,True,0.6214203949327104,0.6223673183562184,0.0029306023,9986,8626,3,,,,,,,,,,,,,,,,,
312,64,10,percentile,0,0,0,0,0,0,0,0,64,0.017344500869512558,0,2.202751610428095,0.010627232491970062,0.007077011279761791,0,0,True,False,0.6214203949327104,0.6195243436597219,0.0053895605,9986,8957,3,,,,,,,,,,,,,,,,,
312,64,11,minmax,2,2,4,2,1,0,1,0,64,0.024497412145137787,0,3.111171342432499,0.009719625115394592,0.008771003223955631,0,0,True,True,0.6214203949327104,0.6186723330211621,0.0037771806,9986,8772,3,,,,,,,,,,,,,,,,,
312,64,11,percentile,0,0,0,0,0,0,0,0,64,0.015956809744238853,0,2.0265148375183344,0.0083765322342515,0.0072506386786699295,0,0,True,False,0.6214203949327104,0.6176183112358,0.006462848,9986,8932,3,,,,,,,,,,,,,,,,,
312,256,0,minmax,1,0,2,0,1,0,1,0,256,0.1075112447142601,0,13.653928078711033,0.02667151764035225,0.009623448364436626,0,0,True,True,0.6214203949327104,0.6222134371764928,0.0039127953,9986,8644,3,,0.8802083333333333,1.0,0.0324834450148046,0.19066545355599374,0.05611112713813782,0.03348810225725174,0.0337,0.8802083333333333,1.0,0.032407264375518885,0.19066545355599374,0.05609842863290489,0.033500800072396246,0.0337,0.6222071300688479,1.0100564660388578e-06
312,256,0,percentile,0,0,0,0,0,0,0,0,256,0.01648365706205368,0,2.0934244468808174,0.010053912177681923,0.0074102431535720825,0,0,True,False,0.6214203949327104,0.6192302977285472,0.005650293,9986,8899,3,,0.8971354166666666,1.0,0.04300713539123535,0.19066545355599374,0.0567215159535408,0.030592426657676697,0.0288,,,,,,,,,
312,256,1,minmax,1,0,3,0,1,0,1,0,256,0.07829917967319489,0,9.94399581849575,0.023179063573479652,0.010492134839296341,0,0,True,True,0.6214203949327104,0.6226200925344543,0.0027970215,9986,8556,3,,0.90234375,1.0,0.027360772364772856,0.19066545355599374,0.0552850067615509,0.03354509174823761,0.023,0.90234375,1.0,0.027360778634355206,0.19066545355599374,0.05528500851669259,0.03354509191239159,0.023,0.622619541427961,2.020745348926987e-08
312,256,1,percentile,0,0,0,0,0,0,0,0,256,0.01800728216767311,0,2.286924835294485,0.010197429917752743,0.007751269731670618,0,0,True,False,0.6214203949327104,0.6190766002509862,0.005044635,9986,8882,3,,0.8971354166666666,1.0,0.03995969390962273,0.19066545355599374,0.05786002054810524,0.031080875545740128,0.0259,,,,,,,,,
312,256,2,minmax,1,0,2,0,1,0,1,0,256,0.0647488534450531,0,8.223104387521744,0.0221506729722023,0.009473126381635666,0,0,True,True,0.6214203949327104,0.6215942996483573,0.0033691376,9986,8667,3,,0.9114583333333333,1.0,0.025932871853001416,0.19066545355599374,0.053950078785419464,0.033040136098861694,0.0266,0.9114583333333333,1.0,0.025932872901803943,0.19066545355599374,0.05395007640992861,0.03304013148019383,0.0266,0.6215952793932341,9.154750572459006e-08
312,256,2,percentile,0,0,0,0,0,0,0,0,256,0.01650336943566799,0,2.095927918329835,0.009799077175557613,0.007567400112748146,0,0,True,False,0.6214203949327104,0.619083887103508,0.0056648063,9986,8887,3,,0.9049479166666665,1.0,0.04324944014661014,0.19066545355599374,0.056999605149030685,0.030826006084680557,0.0275,,,,,,,,,
312,256,3,minmax,1,0,3,0,1,0,1,0,256,0.05639013275504112,0,7.1615468598902225,0.017930448055267334,0.00941268727183342,0,0,True,True,0.6214203949327104,0.6222439929698407,0.0025843177,9986,8686,3,,0.9114583333333333,1.0,0.022132885409519076,0.19066545355599374,0.05672570317983627,0.033078134059906006,0.016,0.9114583333333333,1.0,0.022131280041956296,0.19066545355599374,0.05672570050910165,0.0330781295720847,0.016,0.6222455850552655,2.2517002369837074e-08
312,256,3,percentile,0,0,0,0,0,0,0,0,256,0.016493013128638268,0,2.09461266733706,0.009131570346653461,0.007762709632515907,0,0,True,False,0.6214203949327104,0.6182822108579982,0.005765206,9986,8908,3,,0.8984375,1.0,0.044061698485165834,0.19066545355599374,0.05557488650083542,0.03064659982919693,0.0299,,,,,,,,,
312,256,4,minmax,1,3,2,3,1,0,1,0,256,0.05133170261979103,0,6.519126232713461,0.017930448055267334,0.010414570569992065,0,0,True,True,0.6214203949327104,0.6225664515024449,0.0030214782,9986,8537,3,,0.92578125,1.0,0.022886147489771247,0.19066545355599374,0.05454470217227936,0.03310118615627289,0.0207,0.92578125,1.0,0.022894199068582685,0.19066545355599374,0.05454470086055579,0.03310118400311847,0.0207,0.6225673087792121,1.4746998733846557e-07
312,256,4,percentile,0,0,0,0,0,0,0,0,256,0.016517380252480507,0,2.0977072920650244,0.008807632140815258,0.007963485084474087,0,0,True,False,0.6214203949327104,0.6176909960588537,0.005904428,9986,8844,3,,0.89453125,1.0,0.044367608381435275,0.19066545355599374,0.05684170871973038,0.031062286347150803,0.0322,,,,,,,,,
312,256,5,minmax,2,1,4,1,1,0,1,0,256,0.04549767076969147,0,5.778204187750816,0.01353275217115879,0.009473126381635666,0,0,True,True,0.6214203949327104,0.6214959577563401,0.0024290395,9986,8620,3,,0.93359375,1.0,0.019464906305074692,0.19066545355599374,0.05499567091464996,0.03246517851948738,0.0171,0.93359375,1.0,0.019464892909223715,0.19066545355599374,0.054995673913497106,0.032465178282670495,0.0171,0.6214965700968882,1.547781809516052e-07
312,256,5,percentile,0,0,0,0,0,0,0,0,256,0.01650623418390751,0,2.0962917413562536,0.008973377756774426,0.007488765753805637,0,0,True,False,0.6214203949327104,0.6183572838091893,0.005890406,9986,8905,3,,0.8997395833333333,1.0,0.04325677908491343,0.19066545355599374,0.056449513882398605,0.030764080584049225,0.0317,,,,,,,,,
312,256,6,minmax,1,0,1,0,1,0,1,0,256,0.20975345373153687,0,26.638688623905182,0.04686420038342476,0.013468648307025433,0,0,True,True,0.6214203949327104,0.6200409753801135,0.0052072555,9986,8258,3,,0.8190104166666666,1.0,0.05201018042862415,0.19066545355599374,0.057651687413454056,0.03426561504602432,0.0455,0.8190104166666666,1.0,0.05201017122847343,0.19066545355599374,0.057651686306504364,0.034265613919661646,0.0454,0.6200384035498117,5.734496814475293e-07
312,256,6,percentile,0,0,0,0,0,0,0,0,256,0.01628457009792328,0,2.0681404024362564,0.009862534701824188,0.007668185513466597,0,0,True,False,0.6214203949327104,0.6186793137034099,0.00573474,9986,8874,3,,0.8958333333333333,1.0,0.04357595567125827,0.19066545355599374,0.05607585236430168,0.030976876616477966,0.0286,,,,,,,,,
312,256,7,minmax,1,0,2,0,1,0,1,0,256,0.11841744184494019,0,15.039015114307404,0.02966366894543171,0.011350279673933983,0,0,True,True,0.6214203949327104,0.6219715014259575,0.0049703782,9986,8478,3,,0.8580729166666666,1.0,0.04204390721861273,0.19066545355599374,0.054620563983917236,0.03335145488381386,0.04,0.8580729166666666,1.0,0.04204389743218911,0.19066545355599374,0.054620566719547944,0.03335145335388147,0.04,0.621971623894067,2.4375827952542207e-08
312,256,7,percentile,0,0,0,0,0,0,0,0,256,0.016478989273309708,0,2.092831637710333,0.010211370885372162,0.007304525934159756,0,0,True,False,0.6214203949327104,0.6194518425388325,0.0056391745,9986,8886,3,,0.8893229166666666,1.0,0.04333098663482815,0.19066545355599374,0.056846484541893005,0.03064461424946785,0.0282,,,,,,,,,
312,256,8,minmax,1,0,3,0,1,0,1,0,256,0.0647488534450531,0,8.223104387521744,0.01933102309703827,0.009904301725327969,0,0,True,True,0.6214203949327104,0.6223272712843757,0.0032673066,9986,8626,3,,0.91015625,1.0,0.024935499764978886,0.19066545355599374,0.053649820387363434,0.033238038420677185,0.0251,0.91015625,1.0,0.024935502330038755,0.19066545355599374,0.0536498173039889,0.03323803511912039,0.0251,0.6223280060930334,3.4136749305904376e-07
312,256,8,percentile,0,0,0,0,0,0,0,0,256,0.01802092045545578,0,2.288656897842884,0.01001475378870964,0.007800604682415724,0,0,True,False,0.6214203949327104,0.6188592193564276,0.005098542,9986,8824,3,,0.9101562499999999,1.0,0.03862203692551702,0.19066545355599374,0.0574309378862381,0.03110288456082344,0.0259,,,,,,,,,
312,256,9,minmax,1,0,1,0,1,0,1,0,256,0.18054141104221344,0,22.928759202361107,0.036313388496637344,0.011607790365815163,0,0,True,True,0.6214203949327104,0.6208964763597971,0.0065149446,9986,8471,3,,0.8346354166666665,1.0,0.046540342504158616,0.19066545355599374,0.057343870401382446,0.0316363163292408,0.0541,0.8346354166666665,1.0,0.046540337988042337,0.19066545355599374,0.057344728179529056,0.031636319792812784,0.0541,0.6209009464457979,3.2023597963385756e-07
312,256,9,percentile,0,0,0,0,0,0,0,0,256,0.016484981402754784,0,2.0935926381498575,0.009734399616718292,0.007742305286228657,0,0,True,False,0.6214203949327104,0.6186796811077386,0.0056385566,9986,8915,3,,0.9049479166666666,1.0,0.043031911831349134,0.19066545355599374,0.056801438331604004,0.030864138156175613,0.0279,,,,,,,,,
312,256,10,minmax,1,1,2,1,1,0,1,0,256,0.0647488534450531,0,8.223104387521744,0.018567293882369995,0.009528553113341331,0,0,True,True,0.6214203949327104,0.6222621794841178,0.0032531132,9986,8711,3,,0.90625,1.0,0.023943149601109326,0.19066545355599374,0.05419016629457474,0.03338896110653877,0.0255,0.90625,1.0,0.023943140028976136,0.19066545355599374,0.0541901667336506,0.033388956435897614,0.0255,0.6222623019522273,2.063896964690816e-08
312,256,10,percentile,0,0,0,0,0,0,0,0,256,0.020423710346221924,0,2.5938112139701843,0.010054261423647404,0.007755907718092203,0,0,True,False,0.6214203949327104,0.6187603263579172,0.0043706107,9986,8881,3,,0.9166666666666667,1.0,0.03187349182553589,0.19066545355599374,0.05718677490949631,0.03153877705335617,0.0221,,,,,,,,,
312,256,11,minmax,1,0,1,0,1,0,1,0,256,0.5792657136917114,0,73.56674563884735,0.13538789749145508,0.03402334451675415,0,0,True,True,0.6214203949327104,0.6162756933501409,0.016096985,9986,6565,3,,0.6248366013071894,0.99609375,0.13231707538943738,0.19066545355599374,0.061536408960819244,0.03447691351175308,0.1329,0.6248366013071894,0.99609375,0.13231706402080462,0.19066545355599374,0.06153640465192418,0.03447691398988229,0.1329,0.6162739787966063,2.0452168017762824e-08
312,256,11,percentile,0,0,0,0,0,0,0,0,256,0.016404984518885612,0,2.083433033898473,0.010180535726249218,0.008339706808328629,0,0,True,False,0.6214203949327104,0.6185464358044827,0.005500428,9986,8805,3,,0.90234375,1.0,0.04284999240189791,0.19066545355599374,0.05646508187055588,0.030716462060809135,0.0273,,,,,,,,,
313,64,0,minmax,1,0,2,0,1,0,1,0,64,0.0647488534450531,0,8.223104387521744,0.01765166036784649,0.008099781349301338,0,0,True,True,0.6141771410579113,0.6152738429794727,0.0032106515,9989,9064,3,,,,,,,,,,,,,,,,,
313,64,0,percentile,0,0,0,0,0,0,0,0,64,0.014922588132321835,0,1.895168692804873,0.008929258212447166,0.007273192051798105,0,0,True,False,0.6141771410579113,0.6105006484074064,0.0070664342,9989,9144,3,,,,,,,,,,,,,,,,,
313,64,1,minmax,1,0,2,0,1,0,1,0,64,0.0647488534450531,0,8.223104387521744,0.01611151359975338,0.009300327859818935,0,0,True,True,0.6141771410579113,0.6142955064858499,0.002999396,9989,8935,3,,,,,,,,,,,,,,,,,
313,64,1,percentile,0,0,0,0,0,0,0,0,64,0.019854627549648285,0,2.521537698805332,0.008724447339773178,0.007452069316059351,0,0,True,False,0.6141771410579113,0.6124196624509469,0.0051687853,9989,9075,3,,,,,,,,,,,,,,,,,
313,64,2,minmax,1,0,1,0,1,0,1,0,64,0.11841744184494019,0,15.039015114307404,0.024508561939001083,0.012794469483196735,0,0,True,True,0.6141771410579113,0.6155057975790749,0.004780919,9989,8647,3,,,,,,,,,,,,,,,,,
313,64,2,percentile,0,0,0,0,0,0,0,0,64,0.019832609221339226,0,2.5187413711100817,0.009585624560713768,0.008102747611701488,0,0,True,False,0.6141771410579113,0.6126004866147867,0.0048387484,9989,9059,3,,,,,,,,,,,,,,,,,
313,64,3,minmax,1,0,1,0,1,0,1,0,64,0.04908711463212967,0,6.234063558280468,0.018044957891106606,0.014546306803822517,0,0,True,True,0.6141771410579113,0.6154057411335232,0.0027844901,9989,8360,3,,,,,,,,,,,,,,,,,
313,64,3,percentile,0,0,0,0,0,0,0,0,64,0.02042100764811039,0,2.5934679713100195,0.010352942161262035,0.008423789404332638,0,0,True,False,0.6141771410579113,0.6126328181957239,0.0045709056,9989,8963,3,,,,,,,,,,,,,,,,,
313,64,4,minmax,1,0,2,0,1,0,1,0,64,0.05133170261979103,0,6.519126232713461,0.01187731884419918,0.010428796522319317,0,0,True,True,0.6141771410579113,0.6144585727737961,0.0028165227,9989,8817,3,,,,,,,,,,,,,,,,,
313,64,4,percentile,0,0,0,0,0,0,0,0,64,0.016517380252480507,0,2.0977072920650244,0.009708316065371037,0.007612817920744419,0,0,True,False,0.6141771410579113,0.611848409953669,0.0062304083,9989,9088,3,,,,,,,,,,,,,,,,,
313,64,5,minmax,1,1,2,1,1,0,1,0,64,0.034251339733600616,0,4.349920146167278,0.011339235119521618,0.008015328086912632,0,0,True,True,0.6141771410579113,0.615402618196728,0.0028103786,9989,9101,3,,,,,,,,,,,,,,,,,
313,64,5,percentile,0,0,0,0,0,0,0,0,64,0.016506871208548546,0,2.0963726434856653,0.008233126252889633,0.006931224372237921,0,0,True,False,0.6141771410579113,0.6102879213010131,0.0067159752,9989,9147,3,,,,,,,,,,,,,,,,,
313,64,6,minmax,1,0,2,0,1,0,1,0,64,0.05597398057579994,0,7.108695533126593,0.012807912193238735,0.008986840955913067,0,0,True,True,0.6141771410579113,0.6145839188839823,0.0021116985,9989,8947,3,,,,,,,,,,,,,,,,,
313,64,6,percentile,0,0,0,0,0,0,0,0,64,0.01801115833222866,0,2.28741710819304,0.008993054740130901,0.007981965318322182,0,0,True,False,0.6141771410579113,0.6118005249228113,0.0057380158,9989,9089,3,,,,,,,,,,,,,,,,,
313,64,7,minmax,1,0,3,0,1,0,1,0,64,0.03791455924510956,0,4.815149024128914,0.011105074547231197,0.008655487559735775,0,0,True,True,0.6141771410579113,0.6160756416930924,0.002790406,9989,8994,3,,,,,,,,,,,,,,,,,
313,64,7,percentile,0,0,0,0,0,0,0,0,64,0.01595817692577839,0,2.0266884695738554,0.008610770106315613,0.00748479925096035,0,0,True,False,0.6141771410579113,0.6103828953200159,0.0067046736,9989,9110,3,,,,,,,,,,,,,,,,,
313,64,8,minmax,1,0,2,0,1,0,1,0,64,0.028584564104676247,0,3.6302396412938833,0.011424995958805084,0.008044683374464512,0,0,True,True,0.6141771410579113,0.6147027741843594,0.0031384346,9989,9057,3,,,,,,,,,,,,,,,,,
313,64,8,percentile,0,0,0,0,0,0,0,0,64,0.020070606842637062,0,2.548967069014907,0.008077829144895077,0.007573314942419529,0,0,True,False,0.6141771410579113,0.6115533230435627,0.0055476637,9989,9122,3,,,,,,,,,,,,,,,,,
313,64,9,minmax,1,0,2,0,1,0,1,0,64,0.0647488534450531,0,8.223104387521744,0.013756764121353626,0.010938053019344807,0,0,True,True,0.6141771410579113,0.6139264488375389,0.002908875,9989,8795,3,,,,,,,,,,,,,,,,,
313,64,9,percentile,0,0,0,0,0,0,0,0,64,0.01802092045545578,0,2.288656897842884,0.011506512761116028,0.007851043716073036,0,0,True,False,0.6141771410579113,0.6121384756712814,0.005515429,9989,9049,3,,,,,,,,,,,,,,,,,
313,64,10,minmax,1,0,1,0,1,0,1,0,64,0.07829917967319489,0,9.94399581849575,0.02537122368812561,0.017057543620467186,0,0,True,True,0.6141771410579113,0.6140515500115059,0.0034936073,9989,8217,3,,,,,,,,,,,,,,,,,
313,64,10,percentile,0,0,0,0,0,0,0,0,64,0.01651623286306858,0,2.0975615736097097,0.010653931647539139,0.0089618731290102,0,0,True,False,0.6141771410579113,0.6107810391443594,0.0061528855,9989,8955,3,,,,,,,,,,,,,,,,,
313,64,11,minmax,1,0,2,0,1,0,1,0,64,0.03791455924510956,0,4.815149024128914,0.01233597844839096,0.010131999850273132,0,0,True,True,0.6141771410579113,0.615784290060329,0.0027483937,9989,8857,3,,,,,,,,,,,,,,,,,
313,64,11,percentile,0,0,0,0,0,0,0,0,64,0.01651356741786003,0,2.097223062068224,0.008968882262706757,0.007376373279839754,0,0,True,False,0.6141771410579113,0.611094924909291,0.0063290144,9989,9085,3,,,,,,,,,,,,,,,,,
313,256,0,minmax,1,0,2,0,1,0,1,0,256,0.14525173604488373,0,18.446970477700233,0.03126019984483719,0.017057543620467186,0,0,True,True,0.6141771410579113,0.6137360109270946,0.003846888,9989,8183,3,,0.8671875,1.0,0.03979135607369244,0.19514389196410775,0.05769040435552597,0.03084966354072094,0.0302,0.8671875,1.0,0.039791340616493795,0.19514389196410775,0.0576903992772841,0.030849663340221913,0.0302,0.6137354598206013,1.9865400812832997e-08
313,256,0,percentile,0,0,0,0,0,0,0,0,256,0.01652522198855877,0,2.0987031925469637,0.009723021648824215,0.007987393997609615,0,0,True,False,0.6141771410579113,0.6117272889932643,0.0062037264,9989,9059,3,,0.9088541666666665,1.0,0.038971646572463214,0.19514389196410775,0.05768460035324097,0.030954185873270035,0.0326,,,,,,,,,
313,256,1,minmax,1,0,1,0,1,0,1,0,256,0.1586688756942749,0,20.150947213172913,0.028992118313908577,0.013296887278556824,0,0,True,True,0.6141771410579113,0.6145197455945466,0.005711107,9989,8491,3,,0.8710937499999999,1.0,0.04143330210354179,0.19514389196410775,0.0601692795753479,0.031845103949308395,0.0474,0.8710937499999999,1.0,0.0414332880692745,0.19514389196410775,0.060169279634524245,0.03184510455427877,0.0474,0.6145187046156149,3.5111931629949915e-08
313,256,1,percentile,0,0,0,0,0,0,0,0,256,0.01650218293070793,0,2.0957772321999073,0.010206697508692741,0.007882041856646538,0,0,True,False,0.6141771410579113,0.6115421784455882,0.0061505074,9989,9107,3,,0.9114583333333333,1.0,0.038788440520875156,0.19514389196410775,0.05905060097575188,0.031158439815044403,0.0314,,,,,,,,,
313,256,2,minmax,1,0,1,0,1,0,1,0,256,0.07829917967319489,0,9.94399581849575,0.022081656381487846,0.016679376363754272,0,0,True,True,0.6141771410579113,0.6146876493728225,0.003384617,9989,8278,3,,0.8932291666666665,1.0,0.028422097908332944,0.19514389196410775,0.05701567605137825,0.03187040239572525,0.0262,0.8932291666666665,1.0,0.02842209263297695,0.19514389196410775,0.05701567275405164,0.03187040236786708,0.0262,0.6146856898830686,2.6062812885745482e-08
313,256,2,percentile,0,0,0,0,0,0,0,0,256,0.019842417910695076,0,2.5199870746582747,0.009455866180360317,0.008380409330129623,0,0,True,False,0.6141771410579113,0.6125933834644294,0.0048391325,9989,9030,3,,0.9361979166666666,1.0,0.030366013175807893,0.19514389196410775,0.05871354788541794,0.031223339959979057,0.0251,,,,,,,,,
313,256,3,minmax,1,0,2,0,1,0,1,0,256,0.06119672581553459,0,7.771984178572893,0.013775181956589222,0.009237830527126789,0,0,True,True,0.6141771410579113,0.614231945536962,0.0026939583,9989,8907,3,,0.9270833333333333,1.0,0.021086464868858457,0.19514389196410775,0.058206118643283844,0.031633853912353516,0.0214,0.9270833333333333,1.0,0.021086464430377476,0.19514389196410775,0.05820611516201348,0.03163385290003673,0.0214,0.6142307208558659,1.6549252248499801e-07
313,256,3,percentile,0,0,0,0,0,0,0,0,256,0.016524311155080795,0,2.098587516695261,0.00850186962634325,0.007546332664787769,0,0,True,False,0.6141771410579113,0.6107952454450742,0.0064623873,9989,9125,3,,0.8997395833333333,1.0,0.04055701242759824,0.19514389196410775,0.058231666684150696,0.030793093144893646,0.0336,,,,,,,,,
313,256,4,minmax,1,0,2,0,1,0,1,0,256,0.11841744184494019,0,15.039015114307404,0.022381681948900223,0.010453980416059494,0,0,True,True,0.6141771410579113,0.6159340685583826,0.0047134324,9989,8839,3,,0.8984374999999999,1.0,0.03443005483131856,0.19514389196410775,0.059576086699962616,0.03204476088285446,0.0358,0.8984374999999999,1.0,0.03443006392124723,0.19514389196410775,0.05957608641446757,0.0320447620216418,0.0358,0.6159352932394787,2.493883086693116e-08
313,256,4,percentile,0,0,0,0,0,0,0,0,256,0.01798233576118946,0,2.2837566416710615,0.009475057944655418,0.007692455779761076,0,0,True,False,0.6141771410579113,0.6120676891039265,0.005707621,9989,9086,3,,0.9205729166666666,1.0,0.035756035475060344,0.19514389196410775,0.05603683367371559,0.031183697283267975,0.0311,,,,,,,,,
313,256,5,minmax,2,0,3,0,1,0,1,0,256,0.0647488534450531,0,8.223104387521744,0.023538095876574516,0.014660215005278587,0,0,True,True,0.6141771410579113,0.6143203675121008,0.0032731183,9989,8448,3,,0.91015625,1.0,0.029042272944934666,0.19514389196410775,0.056578345596790314,0.03195156157016754,0.0257,0.91015625,1.0,0.029042276440303057,0.19514389196410775,0.05657834025678683,0.03195155688594378,0.0257,0.6143201838099364,2.0011779209264373e-08
313,256,5,percentile,0,0,0,0,0,0,0,0,256,0.01802092045545578,0,2.288656897842884,0.009930133819580078,0.008267845958471298,0,0,True,False,0.6141771410579113,0.6122092010045814,0.005483821,9989,8973,3,,0.9075520833333333,1.0,0.03433066885918379,0.19514389196410775,0.05801045149564743,0.031496040523052216,0.0285,,,,,,,,,
313,256,6,minmax,1,0,2,0,1,0,1,0,256,0.10500029474496841,0,13.335037432610989,0.02392340824007988,0.012136098928749561,0,0,True,True,0.6141771410579113,0.6143396562393644,0.0057235807,9989,8649,3,,0.8854166666666666,1.0,0.0318314804462716,0.19514389196410775,0.057751502841711044,0.03179023042321205,0.0477,0.8854166666666666,1.0,0.031831478186759014,0.19514389196410775,0.057751505214106,0.03179023309841262,0.0477,0.6143399011755836,2.0164248138038406e-08
313,256,6,percentile,0,0,0,0,0,0,0,0,256,0.016508834436535835,0,2.096621973440051,0.009251629933714867,0.008183570578694344,0,0,True,False,0.6141771410579113,0.6115429132542458,0.0062047835,9989,9031,3,,0.9127604166666666,1.0,0.03928343753796071,0.19514389196410775,0.05788777396082878,0.030865121632814407,0.0323,,,,,,,,,
313,256,7,minmax,1,0,3,0,1,0,1,0,256,0.05133170261979103,0,6.519126232713461,0.012855303473770618,0.012165658175945282,0,0,True,True,0.6141771410579113,0.6149744084514752,0.0027874634,9989,8615,3,,0.9401041666666666,1.0,0.021346104331314564,0.19514389196410775,0.05711021274328232,0.03175893798470497,0.0205,0.9401041666666666,1.0,0.021346111973654415,0.19514389196410775,0.05711021111016029,0.031758936574194326,0.0205,0.614973245004434,2.092181351277529e-08
313,256,7,percentile,0,0,0,0,0,0,0,0,256,0.016517380252480507,0,2.0977072920650244,0.008618325926363468,0.007633237633854151,0,0,True,False,0.6141771410579113,0.61121469872049,0.0063995775,9989,9115,3,,0.90234375,1.0,0.040039087762124836,0.19514389196410775,0.058708883821964264,0.03085264191031456,0.0339,,,,,,,,,
313,256,8,minmax,1,0,1,0,1,0,1,0,256,0.20975345373153687,0,26.638688623905182,0.06377742439508438,0.030503693968057632,0,0,True,True,0.6141771410579113,0.6171873459580809,0.0067812605,9989,7212,3,,0.7981770833333333,1.0,0.07159554213285446,0.19514389196410775,0.058419883251190186,0.0330657996237278,0.0509,0.7981770833333333,1.0,0.07159555908692755,0.19514389196410775,0.05841987693545629,0.033065802517386784,0.0509,0.6171864274472587,2.691607253074448e-08
313,256,8,percentile,0,0,0,0,0,0,0,0,256,0.018025686964392662,0,2.289262244477868,0.00990294013172388,0.007938705384731293,0,0,True,False,0.6141771410579113,0.61248940803937,0.005487232,9989,9124,3,,0.91796875,1.0,0.03357795416377485,0.19514389196410775,0.057388294488191605,0.0315314345061779,0.0291,,,,,,,,,
313,256,9,minmax,1,0,2,0,1,0,1,0,256,0.04908711463212967,0,6.234063558280468,0.015855640172958374,0.011742467060685158,0,0,True,True,0.6141771410579113,0.6159168617889823,0.002660978,9989,8698,3,,0.92578125,1.0,0.022235922515392303,0.19514389196410775,0.05809187889099121,0.03153189644217491,0.0201,0.92578125,1.0,0.02223591373178946,0.19514389196410775,0.05809187361125409,0.031534411967769176,0.0201,0.6159166780868179,2.1557318266860305e-08
313,256,9,percentile,0,0,0,0,0,0,0,0,256,0.019869735464453697,0,2.5234564039856195,0.009685257449746132,0.007774797268211842,0,0,True,False,0.6141771410579113,0.6127615321789245,0.004811382,9989,9045,3,,0.9179687499999999,1.0,0.03057706425897777,0.19514389196410775,0.05915897339582443,0.031510982662439346,0.0254,,,,,,,,,
313,256,10,minmax,3,1,5,1,1,0,1,0,256,0.04549767076969147,0,5.778204187750816,0.013832918368279934,0.011648926883935928,0,0,True,True,0.6141771410579113,0.6150230895250454,0.0023251784,9989,8663,3,,0.9466145833333333,1.0,0.01889710919931531,0.19514389196410775,0.05929681658744812,0.031892336905002594,0.0141,0.9466145833333333,1.0,0.018897099007154663,0.19514389196410775,0.05929681958511978,0.03189233390564771,0.0141,0.6150244366742511,2.0097122962435825e-07
313,256,10,percentile,0,0,0,0,0,0,0,0,256,0.019860798493027687,0,2.5223214086145163,0.008983291685581207,0.007547913119196892,0,0,True,False,0.6141771410579113,0.6125663180122054,0.0050302506,9989,9065,3,,0.9283854166666665,1.0,0.03119441424496472,0.19514389196410775,0.05683789402246475,0.031096920371055603,0.0268,,,,,,,,,
313,256,11,minmax,1,0,1,0,1,0,1,0,256,0.1586688756942749,0,20.150947213172913,0.028992118313908577,0.013296887278556824,0,0,True,True,0.6141771410579113,0.6145197455945466,0.005711107,9989,8491,3,,0.8710937499999999,1.0,0.04143330210354179,0.19514389196410775,0.0601692795753479,0.031845103949308395,0.0474,0.8710937499999999,1.0,0.0414332880692745,0.19514389196410775,0.060169279634524245,0.03184510455427877,0.0474,0.6145187046156149,3.5111931629949915e-08
313,256,11,percentile,0,0,0,0,0,0,0,0,256,0.019833609461784363,0,2.518868401646614,0.011211794801056385,0.008115775883197784,0,0,True,False,0.6141771410579113,0.6130080604835701,0.004740416,9989,9071,3,,0.90625,1.0,0.03032182762399316,0.19514389196410775,0.05784916877746582,0.03151487931609154,0.026,,,,,,,,,
