seed,draw,policy,config,weight_bits,activation_bits,per_feature_input,range_percentile,calibration_positives,auroc,auprc,brier,sensitivity,threshold_disagreement,top3_overlap_eligible,eligible_fraction,attr_l1_absolute_mean,fp_attr_l1_absolute_mean,top3_deletion,random3_deletion
311,0,representative,W8A8_pooled_minmax,8,8,False,100,26,0.624334094962507,0.15259479666222991,0.08086433158789014,0.7023411371237458,0.0135,0.9466145833333333,1.0,0.018064633349430224,0.19691270505803193,0.06240602533240193,0.03561752816691384
311,0,balanced,W8A8_pooled_minmax,8,8,False,100,128,0.6217779405787182,0.15174844943190577,0.08091505152780737,0.750278706800446,0.049,0.8815104166666665,1.0,0.04027361789070412,0.19691270505803193,0.06428170518015175,0.03631932643450335
311,0,majority_only,W8A8_pooled_minmax,8,8,False,100,0,0.6238916176824845,0.15176736764651316,0.08092820668591233,0.6845039018952063,0.0234,0.9361979166666665,1.0,0.020469243971423783,0.19691270505803193,0.06206090751818913,0.03515128607098188
311,1,representative,W8A8_pooled_minmax,8,8,False,100,22,0.6240109628552999,0.15174623717740945,0.08092586410916904,0.7146042363433668,0.0162,0.92578125,1.0,0.017429752777035273,0.19691270505803193,0.061510151226561345,0.035954453458280244
311,1,balanced,W8A8_pooled_minmax,8,8,False,100,128,0.6230656927512718,0.15199873447234302,0.08092071415985654,0.7090301003344481,0.0163,0.9270833333333333,1.0,0.02080873952157229,0.19691270505803193,0.06483215443184993,0.03586206094742256
311,1,majority_only,W8A8_pooled_minmax,8,8,False,100,0,0.623698730409848,0.15190951776995604,0.08092126878827864,0.6867335562987736,0.0231,0.9375,1.0,0.020433473418766234,0.19691270505803193,0.0631900113860602,0.0352375064684981
311,2,representative,W8A8_pooled_minmax,8,8,False,100,32,0.623938951606849,0.15172664459140167,0.08092309874007252,0.7168338907469343,0.0175,0.9257812499999999,1.0,0.018060238900989994,0.19691270505803193,0.06480531071467655,0.035877783399893996
311,2,balanced,W8A8_pooled_minmax,8,8,False,100,128,0.6214667491121981,0.1507049339699416,0.08098706673012346,0.693422519509476,0.0266,0.8984374999999999,1.0,0.030994835171371575,0.19691270505803193,0.06334076081316169,0.03551697605685731
311,2,majority_only,W8A8_pooled_minmax,8,8,False,100,0,0.6223553164814765,0.15035253753202932,0.08094640701604765,0.7413600891861761,0.043,0.8919270833333333,1.0,0.030802908008837428,0.19691270505803193,0.0638825342934532,0.03622578226254833
311,3,representative,W8A8_pooled_minmax,8,8,False,100,25,0.6210409274950826,0.1498587873566229,0.0809901407835196,0.7603121516164995,0.0658,0.8893229166666666,1.0,0.03347841685473665,0.19691270505803193,0.0624750160505656,0.036264434869914756
311,3,balanced,W8A8_pooled_minmax,8,8,False,100,128,0.6229009731438457,0.15149091869587872,0.08091034942608769,0.68561872909699,0.026,0.9088541666666665,1.0,0.02933737869348378,0.19691270505803193,0.06275810261497244,0.034801012471539834
311,3,majority_only,W8A8_pooled_minmax,8,8,False,100,0,0.6241631907155456,0.15237806793159842,0.08090080225536132,0.68561872909699,0.0243,0.94140625,1.0,0.018736812391602027,0.19691270505803193,0.06407974210175893,0.03511037352891251
311,4,representative,W8A8_pooled_minmax,8,8,False,100,19,0.6226025183607251,0.15141369751392253,0.08099318748939806,0.673355629877369,0.0344,0.90234375,1.0,0.026968621613075495,0.19691270505803193,0.06245863705988743,0.03547702336689034
311,4,balanced,W8A8_pooled_minmax,8,8,False,100,128,0.6229009731438457,0.15149091869587872,0.08091034942608769,0.68561872909699,0.026,0.9088541666666665,1.0,0.02933737869348378,0.19691270505803193,0.06275810261497244,0.034801012471539834
311,4,majority_only,W8A8_pooled_minmax,8,8,False,100,0,0.6228637428385242,0.15140095749621899,0.08093151509171082,0.7302118171683389,0.0326,0.9244791666666665,1.0,0.02492209894934938,0.19691270505803193,0.06227978660453871,0.03586856769830353
311,5,representative,W8A8_pooled_minmax,8,8,False,100,21,0.6245773778622481,0.15274419027735897,0.08084352796133458,0.7224080267558528,0.0244,0.9361979166666665,1.0,0.01913513044114882,0.19691270505803193,0.06224349525547069,0.036133409041157964
311,5,balanced,W8A8_pooled_minmax,8,8,False,100,128,0.6231229465925147,0.1515145371648569,0.08093115311291434,0.705685618729097,0.02,0.9075520833333333,1.0,0.02391220455494928,0.19691270505803193,0.06576633025841008,0.035981776679840705
311,5,majority_only,W8A8_pooled_minmax,8,8,False,100,0,0.6228415761106847,0.15111938808252673,0.08101006025193251,0.6711259754738016,0.0334,0.9166666666666666,1.0,0.02499495179030107,0.19691270505803193,0.0631009560028031,0.035320019442493925
311,6,representative,W8A8_pooled_minmax,8,8,False,100,22,0.6253516212512052,0.1519729867033994,0.08100231182542786,0.6343366778149386,0.0753,0.8736979166666666,1.0,0.03672288172046147,0.19691270505803193,0.0650681987783286,0.034145109948979874
311,6,balanced,W8A8_pooled_minmax,8,8,False,100,128,0.623933930414355,0.15245213536342056,0.08090303886889051,0.68561872909699,0.0221,0.9322916666666666,1.0,0.019229664033459805,0.19691270505803193,0.06189708885182947,0.035129957109610956
311,6,majority_only,W8A8_pooled_minmax,8,8,False,100,0,0.622042716631696,0.15115791921881516,0.08094361430492897,0.738015607580825,0.0431,0.8893229166666665,1.0,0.031347730407806695,0.19691270505803193,0.06610348159373572,0.03596159431635327
311,7,representative,W8A8_pooled_minmax,8,8,False,100,22,0.6238363845650503,0.1517344129852619,0.0809556242165139,0.693422519509476,0.0198,0.9348958333333333,1.0,0.019904938061561166,0.19691270505803193,0.06263767620599975,0.035333983706689345
311,7,balanced,W8A8_pooled_minmax,8,8,False,100,128,0.6232553958530583,0.1514002607743104,0.08097002920903677,0.6900780379041248,0.0213,0.92578125,1.0,0.0205538044962905,0.19691270505803193,0.06271579398874491,0.03546186702864777
311,7,majority_only,W8A8_pooled_minmax,8,8,False,100,0,0.623185099158142,0.15094004132316988,0.08097376834365562,0.6945373467112598,0.0225,0.9218749999999999,1.0,0.02139706417462057,0.19691270505803193,0.0663195555660476,0.035783705893705255
311,8,representative,W8A8_pooled_minmax,8,8,False,100,28,0.6234901672191815,0.15209932337740287,0.08092574256981522,0.6833890746934225,0.0235,0.9401041666666666,1.0,0.018692755626653047,0.19691270505803193,0.06377180086323771,0.034990768433288674
311,8,balanced,W8A8_pooled_minmax,8,8,False,100,128,0.6230115006127692,0.1512607774326415,0.08102403513025694,0.6566332218506131,0.0482,0.9036458333333333,1.0,0.02918590430772158,0.19691270505803193,0.06391196967249077,0.0351204994177129
311,8,majority_only,W8A8_pooled_minmax,8,8,False,100,0,0.6232937283713664,0.15158976448247202,0.08090703037737106,0.7324414715719063,0.0301,0.9322916666666666,1.0,0.019390687210052923,0.19691270505803193,0.06387990295044785,0.03616073395564898
311,9,representative,W8A8_pooled_minmax,8,8,False,100,22,0.6274615018435737,0.15149983034702474,0.08108854635548088,0.6098104793756968,0.1371,0.7424836601307189,0.99609375,0.08454181085326573,0.19691270505803193,0.06042940869376376,0.03334051466965207
311,9,balanced,W8A8_pooled_minmax,8,8,False,100,128,0.6222402576924975,0.1520932585537988,0.0809425073825178,0.6588628762541806,0.0469,0.8997395833333333,1.0,0.03111191441704976,0.19691270505803193,0.0625813624072961,0.03461412142558178
311,9,majority_only,W8A8_pooled_minmax,8,8,False,100,0,0.6236341897160834,0.1527176767462615,0.0808958617607038,0.6889632107023411,0.0183,0.9440104166666666,1.0,0.016955005131559578,0.19691270505803193,0.06387107326286498,0.03553984742663724
311,10,representative,W8A8_pooled_minmax,8,8,False,100,22,0.6235476659966436,0.15181676930636612,0.08094619297938797,0.6867335562987736,0.0215,0.9348958333333333,1.0,0.019775061080032637,0.19691270505803193,0.06457516848473172,0.03519013726758385
311,10,balanced,W8A8_pooled_minmax,8,8,False,100,128,0.6229009731438457,0.15149091869587872,0.08091034942608769,0.68561872909699,0.026,0.9088541666666665,1.0,0.02933737869348378,0.19691270505803193,0.06275810261497244,0.034801012471539834
311,10,majority_only,W8A8_pooled_minmax,8,8,False,100,0,0.6229054432298465,0.151581346604582,0.0809579145755752,0.6867335562987736,0.0227,0.9296875,1.0,0.02258292263107576,0.19691270505803193,0.06513058410075544,0.0356319070147047
311,11,representative,W8A8_pooled_minmax,8,8,False,100,23,0.6225764326533781,0.1510804352552963,0.08094358656687377,0.7302118171683389,0.0328,0.9101562499999999,1.0,0.02497182417636721,0.19691270505803193,0.06147482888813481,0.03579832650404349
311,11,balanced,W8A8_pooled_minmax,8,8,False,100,128,0.623730204714018,0.1516460828236676,0.08100406877534586,0.6588628762541806,0.0473,0.8958333333333333,1.0,0.03234521953029881,0.19691270505803193,0.06453207406722067,0.03577272503271734
311,11,majority_only,W8A8_pooled_minmax,8,8,False,100,0,0.6240779529112568,0.15305523775386937,0.0808857597484256,0.6889632107023411,0.0225,0.9427083333333333,1.0,0.017313562064692485,0.19691270505803193,0.06268035056769203,0.03493498274894304
311,12,representative,W8A8_pooled_minmax,8,8,False,100,19,0.6238855555110588,0.15244442401921943,0.08090403293566262,0.6878483835005574,0.0234,0.9335937499999999,1.0,0.01880570061467341,0.19691270505803193,0.06416256273125343,0.03492829325134639
311,12,balanced,W8A8_pooled_minmax,8,8,False,100,128,0.6230963710127293,0.15179589285388548,0.08090193139374127,0.7268673355629878,0.0277,0.9283854166666666,1.0,0.019952935749285042,0.19691270505803193,0.06333384746523786,0.035834933557852756
311,12,majority_only,W8A8_pooled_minmax,8,8,False,100,0,0.6229848025648741,0.15093102599741562,0.08095474251417145,0.705685618729097,0.0165,0.9453124999999999,1.0,0.020005884371195264,0.19691270505803193,0.06367758869337309,0.03572512871968975
311,13,representative,W8A8_pooled_minmax,8,8,False,100,22,0.6245310849168153,0.15298688618722733,0.08085169724976977,0.7012263099219621,0.013,0.9518229166666665,1.0,0.01733131030910121,0.19691270505803193,0.0627903803638694,0.03556391862567829
311,13,balanced,W8A8_pooled_minmax,8,8,False,100,128,0.6233315097831812,0.15264486556159756,0.08093779979942017,0.6677814938684504,0.0523,0.8619791666666665,1.0,0.04326671032008568,0.19691270505803193,0.06271155550668234,0.035339815437452654
311,13,majority_only,W8A8_pooled_minmax,8,8,False,100,0,0.6235373174413815,0.1521630512482859,0.08095211226374988,0.6510590858416946,0.0522,0.9049479166666665,1.0,0.029622303071647156,0.19691270505803193,0.06361843766278504,0.03528092210316069
311,14,representative,W8A8_pooled_minmax,8,8,False,100,30,0.6246882115014456,0.15314250578867167,0.08086056526847742,0.6923076923076923,0.0168,0.94140625,1.0,0.01693338335113511,0.19691270505803193,0.0632012258176429,0.03540060184276134
311,14,balanced,W8A8_pooled_minmax,8,8,False,100,128,0.6239778964657051,0.15172455143857289,0.08095016452188446,0.6878483835005574,0.0205,0.9192708333333333,1.0,0.02002692692636799,0.19691270505803193,0.06338924088398337,0.03523244811429646
311,14,majority_only,W8A8_pooled_minmax,8,8,False,100,0,0.6225880058897364,0.15127440270436543,0.0809878480410644,0.6544035674470458,0.05,0.9088541666666666,1.0,0.02806418317316626,0.19691270505803193,0.06324366663988079,0.0345739652728687
311,15,representative,W8A8_pooled_minmax,8,8,False,100,19,0.6237706804242442,0.15298879733194506,0.08084954191325922,0.7235228539576366,0.0244,0.9401041666666666,1.0,0.018170568123455313,0.19691270505803193,0.06316468994973379,0.035727760365333774
311,15,balanced,W8A8_pooled_minmax,8,8,False,100,128,0.6217779405787182,0.15174844943190577,0.08091505152780737,0.750278706800446,0.049,0.8815104166666665,1.0,0.04027361789070412,0.19691270505803193,0.06428170518015175,0.03631932643450335
311,15,majority_only,W8A8_pooled_minmax,8,8,False,100,0,0.620984224760333,0.15093222661255,0.08097554242400816,0.6822742474916388,0.0251,0.9049479166666666,1.0,0.029668898422958986,0.19691270505803193,0.06469023701562338,0.035669107914931726
311,16,representative,W8A8_pooled_minmax,8,8,False,100,30,0.6235788953645943,0.15209071666785073,0.08094387208062351,0.6878483835005574,0.0233,0.9388020833333333,1.0,0.018645785217432764,0.19691270505803193,0.06454187476325923,0.035216861893288806
311,16,balanced,W8A8_pooled_minmax,8,8,False,100,128,0.6220891320452382,0.15101049703004296,0.08095894172191619,0.7090301003344481,0.0213,0.9244791666666666,1.0,0.02669336445219888,0.19691270505803193,0.06434308578461706,0.03558163820173249
311,16,majority_only,W8A8_pooled_minmax,8,8,False,100,0,0.6233882737519857,0.15145275992116852,0.08090333763206602,0.7324414715719063,0.0296,0.9231770833333333,1.0,0.024075745988292614,0.19691270505803193,0.06288159968400817,0.03551532177181635
311,17,representative,W8A8_pooled_minmax,8,8,False,100,20,0.6234725318113976,0.15184645342345832,0.08092925298529693,0.6800445930880713,0.024,0.9166666666666665,1.0,0.02102723464870666,0.19691270505803193,0.06278682092984028,0.03526770164804729
311,17,balanced,W8A8_pooled_minmax,8,8,False,100,128,0.6235021690939233,0.15235948778884845,0.0809107553518918,0.6900780379041248,0.0215,0.9440104166666666,1.0,0.019121488831895125,0.19691270505803193,0.06324514809747084,0.03506339195430543
311,17,majority_only,W8A8_pooled_minmax,8,8,False,100,0,0.6236827483215439,0.15174718580605132,0.0809317611823066,0.6867335562987736,0.0231,0.9440104166666665,1.0,0.02055226053414906,0.19691270505803193,0.061641547195910154,0.03517721133098624
311,18,representative,W8A8_pooled_minmax,8,8,False,100,27,0.6253516212512052,0.1519729867033994,0.08100231182542786,0.6343366778149386,0.0753,0.8736979166666666,1.0,0.03672288172046147,0.19691270505803193,0.0650681987783286,0.034145109948979874
311,18,balanced,W8A8_pooled_minmax,8,8,False,100,128,0.6220723539142217,0.15118383658418866,0.08092836004494552,0.745819397993311,0.0418,0.88671875,1.0,0.03181695903643084,0.19691270505803193,0.06311396934942294,0.03622344454935796
311,18,majority_only,W8A8_pooled_minmax,8,8,False,100,0,0.6233146704181098,0.15232683865743885,0.08093343773358569,0.7045707915273133,0.0138,0.93359375,1.0,0.016658046993816712,0.19691270505803193,0.06392750348936424,0.0355828526806882
311,19,representative,W8A8_pooled_minmax,8,8,False,100,29,0.6234722256411236,0.1520427673796665,0.08090307744462684,0.6800445930880713,0.0211,0.9322916666666665,1.0,0.020287432349570124,0.19691270505803193,0.06170480454263748,0.035248157412767586
311,19,balanced,W8A8_pooled_minmax,8,8,False,100,128,0.6226090091705345,0.1509715059038208,0.08093554250925832,0.7413600891861761,0.0421,0.8867187499999999,1.0,0.030636194992701503,0.19691270505803193,0.06364466497237481,0.03604124170155506
311,19,majority_only,W8A8_pooled_minmax,8,8,False,100,0,0.6229189147219036,0.15156391111689116,0.08093800532018633,0.7045707915273133,0.0129,0.9348958333333333,1.0,0.016578299727946368,0.19691270505803193,0.06450400429942658,0.03551809639325244
311,20,representative,W8A8_pooled_minmax,8,8,False,100,24,0.623442220954269,0.15150404593015995,0.08095279432012886,0.6544035674470458,0.0502,0.9192708333333333,1.0,0.026496838981599782,0.19691270505803193,0.06414799106998259,0.03487338732322787
311,20,balanced,W8A8_pooled_minmax,8,8,False,100,128,0.6225284251544109,0.1522728544595868,0.08092717196398469,0.6577480490523969,0.0468,0.8958333333333333,1.0,0.03126693171088123,0.19691270505803193,0.062279519971352504,0.034643441944559726
311,20,majority_only,W8A8_pooled_minmax,8,8,False,100,0,0.6239233369228736,0.15305535826531427,0.08084650258097033,0.7268673355629878,0.0233,0.9401041666666666,1.0,0.018485252530031485,0.19691270505803193,0.0626075808422904,0.03577825590410587
311,21,representative,W8A8_pooled_minmax,8,8,False,100,22,0.6228762345857045,0.1513681166194887,0.08094339029699504,0.705685618729097,0.02,0.9127604166666665,1.0,0.024065514910521356,0.19691270505803193,0.06505641604463788,0.035827254845215276
311,21,balanced,W8A8_pooled_minmax,8,8,False,100,128,0.6219094100943849,0.15085121580213545,0.08095969384603825,0.750278706800446,0.0569,0.890625,1.0,0.03046572152471321,0.19691270505803193,0.061235637963185846,0.03680623727363487
311,21,majority_only,W8A8_pooled_minmax,8,8,False,100,0,0.6227045342960307,0.15163704326621905,0.0809277319329916,0.7357859531772575,0.0295,0.921875,1.0,0.022251924485888724,0.19691270505803193,0.06185582684858178,0.03586320152262845
311,22,representative,W8A8_pooled_minmax,8,8,False,100,18,0.6232193902288329,0.15205422916898953,0.08091946837420327,0.7023411371237458,0.0142,0.9401041666666666,1.0,0.016581332164063545,0.19691270505803193,0.06183412134387693,0.03556763411656789
311,22,balanced,W8A8_pooled_minmax,8,8,False,100,128,0.6232836247523236,0.15186802546118194,0.08091515273609134,0.7112597547380156,0.0183,0.9296875,1.0,0.021331592547582587,0.19691270505803193,0.06489541385113688,0.035973824978647186
311,22,majority_only,W8A8_pooled_minmax,8,8,False,100,0,0.6242054422133612,0.152355230662253,0.08090095434856252,0.7224080267558528,0.0174,0.9348958333333333,1.0,0.016849227441397566,0.19691270505803193,0.06428728282316132,0.035977901481928275
311,23,representative,W8A8_pooled_minmax,8,8,False,100,22,0.623775456680519,0.15200534559696327,0.08094594919711566,0.6911928651059086,0.0215,0.9388020833333333,1.0,0.021314234652363193,0.19691270505803193,0.06280321907276032,0.03506603813834248
311,23,balanced,W8A8_pooled_minmax,8,8,False,100,128,0.6214667491121981,0.1507049339699416,0.08098706673012346,0.693422519509476,0.0266,0.8984374999999999,1.0,0.030994835171371575,0.19691270505803193,0.06334076081316169,0.03551697605685731
311,23,majority_only,W8A8_pooled_minmax,8,8,False,100,0,0.6223847700618378,0.14970596555938728,0.08107544761052063,0.7157190635451505,0.035,0.8684895833333333,1.0,0.04005824586312461,0.19691270505803193,0.06283129626644227,0.03630311139674755
312,0,representative,W8A8_pooled_minmax,8,8,False,100,26,0.6224647417374134,0.1451385468975846,0.08121277130045118,0.6911928651059086,0.0198,0.921875,1.0,0.02240121429980771,0.19066544973850133,0.055628749424637206,0.03348758787222783
312,0,balanced,W8A8_pooled_minmax,8,8,False,100,128,0.6212018505911108,0.14591784170822092,0.08120529025632943,0.6767001114827201,0.0284,0.86328125,1.0,0.04102624398440971,0.19066544973850133,0.05704661228320786,0.03283135835073645
312,0,majority_only,W8A8_pooled_minmax,8,8,False,100,0,0.6217757361527452,0.14507571998485486,0.08115598464894654,0.6945373467112598,0.0165,0.9401041666666666,1.0,0.021059066548059453,0.19066544973850133,0.05551376988998909,0.033308108481550275
312,1,representative,W8A8_pooled_minmax,8,8,False,100,28,0.62125396077175,0.14599802938313558,0.08120295150390927,0.6778149386845039,0.0283,0.8580729166666666,1.0,0.04079415784110312,0.19066544973850133,0.057302992135520495,0.032796377190653495
312,1,balanced,W8A8_pooled_minmax,8,8,False,100,128,0.6209324207499678,0.14579986599608988,0.08119972699661906,0.6878483835005574,0.0201,0.9010416666666666,1.0,0.02807630171771157,0.19066544973850133,0.05372460436048301,0.03303332689508241
312,1,majority_only,W8A8_pooled_minmax,8,8,False,100,0,0.6217912283686109,0.1455673935232869,0.08120508282478196,0.6811594202898551,0.0202,0.9049479166666666,1.0,0.02352954153600929,0.19066544973850133,0.05524737707972001,0.03303664909918677
312,2,representative,W8A8_pooled_minmax,8,8,False,100,22,0.6200384035498117,0.14629109499934675,0.08125886920767082,0.6688963210702341,0.0454,0.8190104166666666,1.0,0.05201017737433425,0.19066544973850133,0.057651686306504364,0.034265613919661646
312,2,balanced,W8A8_pooled_minmax,8,8,False,100,128,0.621762264660688,0.14641711551578007,0.08118126548146497,0.6878483835005574,0.0247,0.8815104166666666,1.0,0.03610118455703272,0.19066544973850133,0.056363035637367095,0.033998540777246254
312,2,majority_only,W8A8_pooled_minmax,8,8,False,100,0,0.62238721942403,0.1450893298862898,0.08113196736566287,0.6978818283166109,0.0261,0.8932291666666665,1.0,0.02803362929062232,0.19066544973850133,0.05579806177114145,0.03310854734344018
312,3,representative,W8A8_pooled_minmax,8,8,False,100,23,0.6214975498417651,0.14685310550852393,0.08117617726821609,0.693422519509476,0.0491,0.7903645833333333,1.0,0.0643522677398074,0.19066544973850133,0.06016301236174019,0.0348585960938685
312,3,balanced,W8A8_pooled_minmax,8,8,False,100,128,0.6228150005308992,0.14531958205680873,0.0811642640726294,0.6833890746934225,0.0198,0.9075520833333333,1.0,0.02494727602280122,0.19066544973850133,0.05664300761880803,0.03306899178364178
312,3,majority_only,W8A8_pooled_minmax,8,8,False,100,0,0.6220162022859652,0.1457839839025914,0.08117329942260974,0.6700111482720178,0.0211,0.9218749999999999,1.0,0.02563552221629367,0.19066544973850133,0.05689108875032966,0.03284925088255156
312,4,representative,W8A8_pooled_minmax,8,8,False,100,18,0.6210045544665284,0.14761612930696602,0.08116462672221506,0.6622073578595318,0.0355,0.86328125,1.0,0.039719397841110664,0.19066544973850133,0.05574248917043175,0.033917899645339505
312,4,balanced,W8A8_pooled_minmax,8,8,False,100,128,0.6214459907676191,0.14517176599411621,0.08127728194594469,0.6833890746934225,0.0435,0.8033854166666666,1.0,0.057423292957851924,0.19066544973850133,0.0559209462673009,0.033420971594516846
312,4,majority_only,W8A8_pooled_minmax,8,8,False,100,0,0.6221390990339593,0.1453514869938272,0.08119946125199008,0.673355629877369,0.0202,0.90234375,1.0,0.02403602864184072,0.19066544973850133,0.05746762343973593,0.033091240982242094
312,5,representative,W8A8_pooled_minmax,8,8,False,100,25,0.6210006967210755,0.14601998570000627,0.08114454157392359,0.6878483835005574,0.0151,0.9270833333333333,1.0,0.018552378746552137,0.19066544973850133,0.054184303681513016,0.03249420161828956
312,5,balanced,W8A8_pooled_minmax,8,8,False,100,128,0.6226963289326868,0.14514939589877424,0.08115021127189646,0.7023411371237458,0.0254,0.92578125,1.0,0.023026737319054462,0.19066544973850133,0.054593519501474855,0.03324380647851257
312,5,majority_only,W8A8_pooled_minmax,8,8,False,100,0,0.6227900782705935,0.14655777154127225,0.08112632196864138,0.7101449275362319,0.0322,0.90625,1.0,0.03046820384494768,0.19066544973850133,0.05353717688666686,0.033445190388494694
312,6,representative,W8A8_pooled_minmax,8,8,False,100,27,0.6222110490483554,0.14482183969623072,0.08114647859447269,0.7012263099219621,0.0251,0.9114583333333333,1.0,0.0241070008997492,0.19066544973850133,0.05604426622638302,0.03330632165249504
312,6,balanced,W8A8_pooled_minmax,8,8,False,100,128,0.6215464758515545,0.1467158624555927,0.08107552434578799,0.7068004459308808,0.0414,0.8554687499999999,1.0,0.04954839872905557,0.19066544973850133,0.05632212255940119,0.03363660747553893
312,6,majority_only,W8A8_pooled_minmax,8,8,False,100,0,0.6211960333559041,0.1463257230225291,0.08117634099882079,0.6822742474916388,0.0176,0.9049479166666665,1.0,0.023361701546139545,0.19066544973850133,0.056747754791494465,0.033045482589495884
312,7,representative,W8A8_pooled_minmax,8,8,False,100,24,0.6226159898527823,0.14498850529786034,0.08117693119667307,0.68561872909699,0.0167,0.9296875,1.0,0.022411338920165738,0.19066544973850133,0.05406813257387538,0.03315346929086772
312,7,balanced,W8A8_pooled_minmax,8,8,False,100,128,0.6207373902854132,0.14751596843282394,0.08119987563705708,0.6555183946488294,0.0367,0.8671874999999999,1.0,0.04110462840517169,0.19066544973850133,0.05985554473372959,0.03398790881750182
312,7,majority_only,W8A8_pooled_minmax,8,8,False,100,0,0.6215255338048111,0.14536035367502909,0.08118243765666451,0.68561872909699,0.0199,0.9153645833333333,1.0,0.025835922690705285,0.19066544973850133,0.05720597436874553,0.032988170007351936
312,8,representative,W8A8_pooled_minmax,8,8,False,100,24,0.6214449497886875,0.14678260859762274,0.08119300146400772,0.6633221850613155,0.0315,0.90234375,1.0,0.026957957862231995,0.19066544973850133,0.055544486460326545,0.033116554800722606
312,8,balanced,W8A8_pooled_minmax,8,8,False,100,128,0.6224707426747844,0.1451875177769247,0.08119523978028524,0.7146042363433668,0.037,0.8684895833333333,1.0,0.04089389819331303,0.19066544973850133,0.05413129911593042,0.03332939263072936
312,8,majority_only,W8A8_pooled_minmax,8,8,False,100,0,0.622400752150142,0.14530342468057625,0.08111720758117143,0.7012263099219621,0.0217,0.9270833333333333,1.0,0.020838775265394918,0.19066544973850133,0.05578895978795988,0.033083990653174127
312,9,representative,W8A8_pooled_minmax,8,8,False,100,28,0.621831091738289,0.14483776374198307,0.08120513035788392,0.6878483835005574,0.0213,0.9192708333333333,1.0,0.024504431604568246,0.19066544973850133,0.05555408555082159,0.03283734363680317
312,9,balanced,W8A8_pooled_minmax,8,8,False,100,128,0.6225974971682311,0.14677385393723152,0.08105216159850699,0.7168338907469343,0.0386,0.8906249999999999,1.0,0.03585952255484318,0.19066544973850133,0.05558913474304297,0.033193949014008774
312,9,majority_only,W8A8_pooled_minmax,8,8,False,100,0,0.6219998527933321,0.14487141397687395,0.08116144740602854,0.7034559643255296,0.0252,0.9114583333333333,1.0,0.02373486534005651,0.19066544973850133,0.055395355761064066,0.033199697186090685
312,10,representative,W8A8_pooled_minmax,8,8,False,100,21,0.6209848983349358,0.14432918664252875,0.08118822135912004,0.7012263099219621,0.0218,0.9335937499999999,1.0,0.02234522408117403,0.19066544973850133,0.05660932626254595,0.03306429700603947
312,10,balanced,W8A8_pooled_minmax,8,8,False,100,128,0.6224216941968854,0.1452414251571981,0.08119235682456746,0.7134894091415831,0.0373,0.8684895833333333,1.0,0.04037137300177663,0.19066544973850133,0.05445754190144657,0.03328618489303159
312,10,majority_only,W8A8_pooled_minmax,8,8,False,100,0,0.6217936164967482,0.1446259878370436,0.08119827106348873,0.6878483835005574,0.0164,0.9361979166666666,1.0,0.022235525196597227,0.19066544973850133,0.054905793832003634,0.03299283858212594
312,11,representative,W8A8_pooled_minmax,8,8,False,100,26,0.6215364947006212,0.1478801053516528,0.08116488468212553,0.6644370122630993,0.0347,0.8802083333333333,1.0,0.03461506772469167,0.19066544973850133,0.054314732682687605,0.032319812248498614
312,11,balanced,W8A8_pooled_minmax,8,8,False,100,128,0.6214459907676191,0.14517176599411621,0.08127728194594469,0.6833890746934225,0.0435,0.8033854166666666,1.0,0.057423292957851924,0.19066544973850133,0.0559209462673009,0.033420971594516846
312,11,majority_only,W8A8_pooled_minmax,8,8,False,100,0,0.6220672714876728,0.14632615053613074,0.08118663529027782,0.6722408026755853,0.0196,0.921875,1.0,0.023405365958308,0.19066544973850133,0.05706607558539831,0.033034340543018695
312,12,representative,W8A8_pooled_minmax,8,8,False,100,31,0.6223103094511946,0.14559007129251755,0.08115048242485019,0.6778149386845039,0.0218,0.93359375,1.0,0.020774789212400266,0.19066544973850133,0.05528581307140899,0.032994925959732184
312,12,balanced,W8A8_pooled_minmax,8,8,False,100,128,0.6217786753873757,0.1456224136493478,0.0812153852539816,0.6789297658862876,0.02,0.91796875,1.0,0.024074719357982374,0.19066544973850133,0.0560396539172162,0.0333966811752905
312,12,majority_only,W8A8_pooled_minmax,8,8,False,100,0,0.6214411532772894,0.14621652143792177,0.08118957743241177,0.6822742474916388,0.0202,0.91015625,1.0,0.027432602309299964,0.19066544973850133,0.05497197979519847,0.03293211551044835
312,13,representative,W8A8_pooled_minmax,8,8,False,100,31,0.6223010631089191,0.14547783859233274,0.08117970868299194,0.6800445930880713,0.0193,0.9010416666666665,1.0,0.024974618118904442,0.19066544973850133,0.056558328978116815,0.033083590046502645
312,13,balanced,W8A8_pooled_minmax,8,8,False,100,128,0.621998995516565,0.14720557760222536,0.0811418631110527,0.6911928651059086,0.0197,0.90234375,1.0,0.026271457548683357,0.19066544973850133,0.05514823430218694,0.032863675136803105
312,13,majority_only,W8A8_pooled_minmax,8,8,False,100,0,0.6220184679459931,0.14559010240919873,0.08118002144112656,0.673355629877369,0.0202,0.9049479166666665,1.0,0.023394550344947872,0.19066544973850133,0.054655128374864755,0.03296045966306323
312,14,representative,W8A8_pooled_minmax,8,8,False,100,24,0.6214574415358678,0.14789711549259502,0.08116243008620642,0.6633221850613155,0.0347,0.8802083333333333,1.0,0.03418680477059521,0.19066544973850133,0.0543921487865236,0.0323341344116371
312,14,balanced,W8A8_pooled_minmax,8,8,False,100,128,0.621762264660688,0.14641711551578007,0.08118126548146497,0.6878483835005574,0.0247,0.8815104166666666,1.0,0.03610118455703272,0.19066544973850133,0.056363035637367095,0.033998540777246254
312,14,majority_only,W8A8_pooled_minmax,8,8,False,100,0,0.6226521179451173,0.14545358968292338,0.0811022197933056,0.7034559643255296,0.0262,0.9075520833333333,1.0,0.025623092324878166,0.19066544973850133,0.054891674037292226,0.033374117928785224
312,15,representative,W8A8_pooled_minmax,8,8,False,100,30,0.6214266408063007,0.1466803424957277,0.08107762281968914,0.7090301003344481,0.0401,0.8515624999999999,1.0,0.04970627694816392,0.19066544973850133,0.05747065499241138,0.033638442230376736
312,15,balanced,W8A8_pooled_minmax,8,8,False,100,128,0.6215942996483573,0.14462823876277547,0.08114091682325261,0.7001114827201784,0.0265,0.91015625,1.0,0.025891379496934774,0.19066544973850133,0.05406413113602525,0.033035428600235055
312,15,majority_only,W8A8_pooled_minmax,8,8,False,100,0,0.6224310630072706,0.145312535461423,0.08111513192507774,0.7023411371237458,0.0267,0.91015625,1.0,0.025735807181475428,0.19066544973850133,0.05445556288858756,0.03324652283607703
312,16,representative,W8A8_pooled_minmax,8,8,False,100,22,0.6214459907676191,0.14517176599411621,0.08127728194594469,0.6833890746934225,0.0435,0.8033854166666666,1.0,0.057423292957851924,0.19066544973850133,0.0559209462673009,0.033420971594516846
312,16,balanced,W8A8_pooled_minmax,8,8,False,100,128,0.6221324857560403,0.14698189869238742,0.08104880691200679,0.7224080267558528,0.0512,0.8333333333333333,1.0,0.04629433880558647,0.19066544973850133,0.0552290633804588,0.034025027083144595
312,16,majority_only,W8A8_pooled_minmax,8,8,False,100,0,0.6222863669357659,0.14658547415289452,0.0811447391546015,0.6811594202898551,0.0206,0.91015625,1.0,0.02627933418575856,0.19066544973850133,0.05501115595709429,0.03305762520752659
312,17,representative,W8A8_pooled_minmax,8,8,False,100,25,0.6223297818806228,0.1461582471112689,0.08119280706435439,0.6767001114827201,0.02,0.9010416666666665,1.0,0.025128741639622795,0.19066544973850133,0.05525018122796748,0.033266694621305756
312,17,balanced,W8A8_pooled_minmax,8,8,False,100,128,0.6224134275994867,0.14634550071659758,0.08118059303491168,0.6767001114827201,0.0211,0.9075520833333333,1.0,0.025000812294460766,0.19066544973850133,0.05603910658757542,0.03317124140259631
312,17,majority_only,W8A8_pooled_minmax,8,8,False,100,0,0.6222178460284388,0.14526242643009152,0.08119451845690642,0.6867335562987736,0.0187,0.9322916666666665,1.0,0.02206638583791186,0.19066544973850133,0.054750689415739115,0.03340615834692787
312,18,representative,W8A8_pooled_minmax,8,8,False,100,26,0.6200384035498117,0.14629109499934675,0.08125886920767082,0.6688963210702341,0.0454,0.8190104166666666,1.0,0.05201017737433425,0.19066544973850133,0.057651686306504364,0.034265613919661646
312,18,balanced,W8A8_pooled_minmax,8,8,False,100,128,0.6198164301011427,0.14617492497265694,0.08122359370061412,0.6711259754738016,0.0339,0.8515624999999999,1.0,0.04383826233185527,0.19066544973850133,0.05828586642886271,0.03300138632788069
312,18,majority_only,W8A8_pooled_minmax,8,8,False,100,0,0.6227308037055421,0.14566482781576084,0.08114247015965968,0.68561872909699,0.0211,0.9088541666666665,1.0,0.025609367002866586,0.19066544973850133,0.05488316269532907,0.0334624259442301
312,19,representative,W8A8_pooled_minmax,8,8,False,100,28,0.6225038090643792,0.14572845058343226,0.08116023140102277,0.6900780379041248,0.0205,0.91015625,1.0,0.025062338600047168,0.19066544973850133,0.05406868446158219,0.03362986539609271
312,19,balanced,W8A8_pooled_minmax,8,8,False,100,128,0.6200602641073771,0.1469107270277434,0.08118784536954769,0.6755852842809364,0.0313,0.8697916666666665,1.0,0.04142746758990793,0.19066544973850133,0.05848740434154433,0.03380481164829686
312,19,majority_only,W8A8_pooled_minmax,8,8,False,100,0,0.6221077471978991,0.1455250360015835,0.08113611477848211,0.7012263099219621,0.0257,0.8945312499999999,1.0,0.02764603141710156,0.19066544973850133,0.05607193052566034,0.03287137894999459
312,20,representative,W8A8_pooled_minmax,8,8,False,100,12,0.6224824383792522,0.14505184140275185,0.08117800965346982,0.6889632107023411,0.0166,0.93359375,1.0,0.022908342582519614,0.19066544973850133,0.05414621411019826,0.033134464779328694
312,20,balanced,W8A8_pooled_minmax,8,8,False,100,128,0.6214975498417651,0.14685310550852393,0.08117617726821609,0.693422519509476,0.0491,0.7903645833333333,1.0,0.0643522677398074,0.19066544973850133,0.06016301236174019,0.0348585960938685
312,20,majority_only,W8A8_pooled_minmax,8,8,False,100,0,0.6216718219617408,0.14511424804282058,0.0811362506563203,0.7045707915273133,0.0215,0.9440104166666665,1.0,0.020189171962355437,0.19066544973850133,0.05531472813985687,0.03297662780785088
312,21,representative,W8A8_pooled_minmax,8,8,False,100,23,0.622689042080165,0.14533288556424084,0.08111394766579079,0.7034559643255296,0.0215,0.91015625,1.0,0.02307522749019865,0.19066544973850133,0.05607118245284183,0.03297115701152234
312,21,balanced,W8A8_pooled_minmax,8,8,False,100,128,0.6200602641073771,0.1469107270277434,0.08118784536954769,0.6755852842809364,0.0313,0.8697916666666665,1.0,0.04142746758990793,0.19066544973850133,0.05848740434154433,0.03380481164829686
312,21,majority_only,W8A8_pooled_minmax,8,8,False,100,0,0.6216909882208947,0.14490267634530568,0.08120201224122646,0.6878483835005574,0.0198,0.9218749999999999,1.0,0.024429501396751353,0.19066544973850133,0.055163809562791814,0.03294949277652565
312,22,representative,W8A8_pooled_minmax,8,8,False,100,24,0.6215657033447632,0.14605880392182607,0.08120278128927302,0.6767001114827201,0.0295,0.8658854166666666,1.0,0.040465556190697805,0.19066544973850133,0.056596154610517126,0.03296105789515461
312,22,balanced,W8A8_pooled_minmax,8,8,False,100,128,0.6218639131916647,0.14699419673757125,0.08114520103554719,0.6878483835005574,0.019,0.9062499999999999,1.0,0.026544838859849748,0.19066544973850133,0.05538191339137692,0.032895134934753704
312,22,majority_only,W8A8_pooled_minmax,8,8,False,100,0,0.6217750625781423,0.1454875032270518,0.08121018520315318,0.6811594202898551,0.0206,0.9127604166666666,1.0,0.024287955702715126,0.19066544973850133,0.05475213633006275,0.033536746393065746
312,23,representative,W8A8_pooled_minmax,8,8,False,100,26,0.6213477713437114,0.14624717553288458,0.08116780635049523,0.6945373467112598,0.0191,0.9127604166666666,1.0,0.02565584895772692,0.19066544973850133,0.05710568589143305,0.03302525634680957
312,23,balanced,W8A8_pooled_minmax,8,8,False,100,128,0.6209514645410121,0.14762968842072816,0.08116756797375511,0.6644370122630993,0.0347,0.8684895833333333,1.0,0.039203735906230094,0.19066544973850133,0.05607431035267679,0.03384389425600831
312,23,majority_only,W8A8_pooled_minmax,8,8,False,100,0,0.6217552839784402,0.1450305632973833,0.08113104441026842,0.7023411371237458,0.0223,0.9192708333333333,1.0,0.021471562753378585,0.19066544973850133,0.054577125775481,0.033033824195303034
313,0,representative,W8A8_pooled_minmax,8,8,False,100,18,0.6171864274472587,0.1492307050687174,0.08107346569235967,0.6644370122630993,0.0509,0.7981770833333333,1.0,0.07159557043578432,0.1951438893221632,0.05841987693545629,0.033065802517386784
313,0,balanced,W8A8_pooled_minmax,8,8,False,100,128,0.6145301553838634,0.14786387097132364,0.08106216833486163,0.6878483835005574,0.0195,0.9010416666666665,1.0,0.026115643133419814,0.1951438893221632,0.056901230264353925,0.031774979195273285
313,0,majority_only,W8A8_pooled_minmax,8,8,False,100,0,0.6139915406377967,0.146378425837863,0.08109270828519752,0.7034559643255296,0.0197,0.94140625,1.0,0.020681229933294944,0.1951438893221632,0.058290146209608006,0.03204005275110879
313,1,representative,W8A8_pooled_minmax,8,8,False,100,20,0.6150519307648586,0.14773572981707506,0.08104820989424386,0.7101449275362319,0.0192,0.9453125,1.0,0.01993809457356434,0.1951438893221632,0.05868098847011258,0.031852963717999346
313,1,balanced,W8A8_pooled_minmax,8,8,False,100,128,0.6147779083696052,0.1471836835784146,0.08106930030306388,0.7123745819397993,0.022,0.94140625,1.0,0.02236134025170131,0.1951438893221632,0.05901906178937864,0.0317268015702847
313,1,majority_only,W8A8_pooled_minmax,8,8,False,100,0,0.6153895141089999,0.1487810259231899,0.08107278517861895,0.7212931995540691,0.0369,0.8880208333333334,1.0,0.03513297437894087,0.1951438893221632,0.058512854688917794,0.03194279893092762
313,2,representative,W8A8_pooled_minmax,8,8,False,100,25,0.6171864274472587,0.1492307050687174,0.08107346569235967,0.6644370122630993,0.0509,0.7981770833333333,1.0,0.07159557043578432,0.1951438893221632,0.05841987693545629,0.033065802517386784
313,2,balanced,W8A8_pooled_minmax,8,8,False,100,128,0.6137810179573765,0.14776897517328594,0.08110758964493758,0.6544035674470458,0.0399,0.8867187499999999,1.0,0.035192116083661976,0.1951438893221632,0.05750296474139663,0.031636608870851686
313,2,majority_only,W8A8_pooled_minmax,8,8,False,100,0,0.6157765133353688,0.14715910317086936,0.08101477733111062,0.6900780379041248,0.0141,0.9361979166666666,1.0,0.021127787281470273,0.1951438893221632,0.05822820832524141,0.031634037136589924
313,3,representative,W8A8_pooled_minmax,8,8,False,100,20,0.6145338294271518,0.14772820594489658,0.08107804839083847,0.6789297658862876,0.0221,0.921875,1.0,0.024222936278037295,0.1951438893221632,0.058565210235596875,0.031566584593926895
313,3,balanced,W8A8_pooled_minmax,8,8,False,100,128,0.615228774715136,0.14814733992898302,0.08103309918281273,0.673355629877369,0.0245,0.921875,1.0,0.025464095120405907,0.1951438893221632,0.05948034911416552,0.031787617657897595
313,3,majority_only,W8A8_pooled_minmax,8,8,False,100,0,0.6134054082652013,0.14672995499687014,0.0811763066279863,0.7123745819397993,0.0304,0.8763020833333333,1.0,0.03754591175388025,0.1951438893221632,0.06034473156497473,0.032702013592212226
313,4,representative,W8A8_pooled_minmax,8,8,False,100,18,0.6150721992369992,0.14747300926796775,0.0810709028937856,0.6744704570791528,0.0238,0.921875,1.0,0.029540071712668814,0.1951438893221632,0.05709536599917729,0.03188515557805932
313,4,balanced,W8A8_pooled_minmax,8,8,False,100,128,0.6152788641719668,0.14833871384339667,0.08100822766277328,0.6644370122630993,0.039,0.8736979166666665,1.0,0.038942686678153066,0.1951438893221632,0.059070401313871645,0.03132376775422128
313,4,majority_only,W8A8_pooled_minmax,8,8,False,100,0,0.6158297869630494,0.14894001590311207,0.08106358909695116,0.7157190635451505,0.0358,0.8971354166666665,1.0,0.03931830327806024,0.1951438893221632,0.058419376863931984,0.032067426301213876
313,5,representative,W8A8_pooled_minmax,8,8,False,100,25,0.6151905034308829,0.1480398763543164,0.08104704170663599,0.6477146042363434,0.0473,0.91015625,1.0,0.029283193426805763,0.1951438893221632,0.05751817557371953,0.031321240959385814
313,5,balanced,W8A8_pooled_minmax,8,8,False,100,128,0.6153852277251635,0.14902246577946532,0.08099396862138751,0.6655518394648829,0.0388,0.87109375,1.0,0.03919999066196429,0.1951438893221632,0.05885486681638546,0.03128269949738393
313,5,majority_only,W8A8_pooled_minmax,8,8,False,100,0,0.6144295478318185,0.1478669592914152,0.08105284281393081,0.705685618729097,0.0224,0.9309895833333333,1.0,0.02051704464603055,0.1951438893221632,0.057738640993324666,0.03194055545086053
313,6,representative,W8A8_pooled_minmax,8,8,False,100,25,0.6139995010649214,0.1479139930135005,0.0810565183648231,0.7068004459308808,0.0209,0.9244791666666665,1.0,0.021899257754774762,0.1951438893221632,0.05874578842977344,0.032054058097981133
313,6,balanced,W8A8_pooled_minmax,8,8,False,100,128,0.6137411545876983,0.147364459141968,0.08110534772457292,0.6945373467112598,0.0236,0.8945312499999999,1.0,0.03019073875575998,0.1951438893221632,0.05736746920789065,0.03174223046790323
313,6,majority_only,W8A8_pooled_minmax,8,8,False,100,0,0.6162673042846325,0.14773522659344057,0.08106355925352354,0.7212931995540691,0.0357,0.8971354166666665,1.0,0.033838698854411556,0.1951438893221632,0.05942300723304224,0.03197008048692979
313,7,representative,W8A8_pooled_minmax,8,8,False,100,24,0.6145785302871595,0.1471810310439953,0.08105609874002553,0.6833890746934225,0.0164,0.9309895833333333,1.0,0.021187130341492694,0.1951438893221632,0.05948413014991515,0.031469342605849875
313,7,balanced,W8A8_pooled_minmax,8,8,False,100,128,0.6146856898830686,0.14838613167266193,0.08102722187731275,0.6677814938684504,0.0262,0.8932291666666665,1.0,0.02842208722801659,0.1951438893221632,0.05701567275405164,0.03187040236786708
313,7,majority_only,W8A8_pooled_minmax,8,8,False,100,0,0.6145935326305868,0.14968501574825147,0.08103564364545258,0.6465997770345596,0.0468,0.9036458333333333,1.0,0.03312535800738568,0.1951438893221632,0.057279257073693454,0.031590929545859375
313,8,representative,W8A8_pooled_minmax,8,8,False,100,28,0.613535653099772,0.14852677140683856,0.08107006361874883,0.6566332218506131,0.041,0.8958333333333333,1.0,0.03309017181091364,0.1951438893221632,0.05800729563572105,0.03101039010594636
313,8,balanced,W8A8_pooled_minmax,8,8,False,100,128,0.6144975176326523,0.14841949847417987,0.08109773193757151,0.7302118171683389,0.0473,0.8736979166666666,1.0,0.04187269470582612,0.1951438893221632,0.05805205057750258,0.03183095093366349
313,8,majority_only,W8A8_pooled_minmax,8,8,False,100,0,0.614885190433624,0.1466100276532154,0.08109405872121357,0.7123745819397993,0.0192,0.9361979166666665,1.0,0.02121577586842478,0.1951438893221632,0.056139284574967904,0.03167523516218447
313,9,representative,W8A8_pooled_minmax,8,8,False,100,22,0.6138621530799934,0.14791750837010215,0.08110725334967012,0.6789297658862876,0.0295,0.8684895833333333,1.0,0.039716762450861795,0.1951438893221632,0.05918751492331698,0.031039637588563714
313,9,balanced,W8A8_pooled_minmax,8,8,False,100,128,0.6143599859455597,0.1479037465664485,0.08107099327049681,0.6867335562987736,0.019,0.9114583333333333,1.0,0.02703042977554791,0.1951438893221632,0.055953953434382274,0.03181366645933539
313,9,majority_only,W8A8_pooled_minmax,8,8,False,100,0,0.6138621530799934,0.14791750837010215,0.08110725334967012,0.6789297658862876,0.0295,0.8684895833333333,1.0,0.039716762450861795,0.1951438893221632,0.05918751492331698,0.031039637588563714
313,10,representative,W8A8_pooled_minmax,8,8,False,100,22,0.6143786623322753,0.14783654737635246,0.08106601732314407,0.7079152731326644,0.0201,0.9322916666666666,1.0,0.020607334900759944,0.1951438893221632,0.057979152433551936,0.03171256860347389
313,10,balanced,W8A8_pooled_minmax,8,8,False,100,128,0.6145187046156149,0.14834737606688259,0.08108870678790145,0.7357859531772575,0.0474,0.8710937499999999,1.0,0.04143328411391188,0.1951438893221632,0.060169279634524245,0.03184510455427877
313,10,majority_only,W8A8_pooled_minmax,8,8,False,100,0,0.6153648980189681,0.14856377228471246,0.08101968946555439,0.6465997770345596,0.048,0.8958333333333333,1.0,0.028634252971686144,0.1951438893221632,0.05765504278649326,0.03171351004519137
313,11,representative,W8A8_pooled_minmax,8,8,False,100,33,0.6140535095012596,0.1477842626778278,0.08105918149026488,0.6644370122630993,0.0258,0.90234375,1.0,0.030627962027326174,0.1951438893221632,0.05925180182232237,0.03207235883439991
313,11,balanced,W8A8_pooled_minmax,8,8,False,100,128,0.6129133926348413,0.1480780220676266,0.08111043548457704,0.6867335562987736,0.038,0.8489583333333333,1.0,0.05340651469328387,0.1951438893221632,0.06049039987898008,0.031742944904485385
313,11,majority_only,W8A8_pooled_minmax,8,8,False,100,0,0.614820159867421,0.1476847779566532,0.08108331060283952,0.6755852842809364,0.0222,0.9075520833333333,1.0,0.026135711789053894,0.1951438893221632,0.05843306903870097,0.03201290553853967
313,12,representative,W8A8_pooled_minmax,8,8,False,100,24,0.6150787512808633,0.14849253550984656,0.08104814130097154,0.6454849498327759,0.0473,0.9140625,1.0,0.029207045521460917,0.1951438893221632,0.05718881074853392,0.031714711327833184
313,12,balanced,W8A8_pooled_minmax,8,8,False,100,128,0.6149101126939298,0.14691881187128578,0.08109079943375692,0.7090301003344481,0.0217,0.9231770833333333,1.0,0.023249669842608504,0.1951438893221632,0.05767119702070758,0.03223296531609897
313,12,majority_only,W8A8_pooled_minmax,8,8,False,100,0,0.6148123831424607,0.1483065632182553,0.08101690913850812,0.6688963210702341,0.0255,0.8971354166666665,1.0,0.02925070784080007,0.1951438893221632,0.056598687490241106,0.03163602372852992
313,13,representative,W8A8_pooled_minmax,8,8,False,100,21,0.6146360902986765,0.14741417752508296,0.08109526602447668,0.705685618729097,0.0205,0.9166666666666666,1.0,0.022703723696364704,0.1951438893221632,0.05693569304581579,0.03184683134212676
313,13,balanced,W8A8_pooled_minmax,8,8,False,100,128,0.6145839801180372,0.14801154127685195,0.08106287736646596,0.693422519509476,0.0193,0.9075520833333333,1.0,0.026156955802067776,0.1951438893221632,0.05660033151758974,0.031731926099658685
313,13,majority_only,W8A8_pooled_minmax,8,8,False,100,0,0.6134156343523537,0.14750911831168062,0.08110725983754603,0.7123745819397993,0.036,0.8476562499999999,1.0,0.04988348836023847,0.1951438893221632,0.05674985464246038,0.03159483085684055
313,14,representative,W8A8_pooled_minmax,8,8,False,100,19,0.6141303582400401,0.14760006975663087,0.0810754286632644,0.6521739130434783,0.0484,0.8919270833333333,1.0,0.03245983433881924,0.1951438893221632,0.057728400130851384,0.03176052556323836
313,14,balanced,W8A8_pooled_minmax,8,8,False,100,128,0.6155072671963902,0.14870441685383068,0.0810792998375721,0.717948717948718,0.036,0.8906249999999999,1.0,0.034858963090259175,0.1951438893221632,0.05882137693452791,0.0312080926294862
313,14,majority_only,W8A8_pooled_minmax,8,8,False,100,0,0.6140535095012596,0.1477842626778278,0.08105918149026488,0.6644370122630993,0.0258,0.90234375,1.0,0.030627962027326174,0.1951438893221632,0.05925180182232237,0.03207235883439991
313,15,representative,W8A8_pooled_minmax,8,8,False,100,27,0.6141074567035429,0.1473951479915358,0.08108185932462683,0.6889632107023411,0.0193,0.9153645833333333,1.0,0.022524565970829958,0.1951438893221632,0.05876092875009773,0.031271060844908855
313,15,balanced,W8A8_pooled_minmax,8,8,False,100,128,0.6150543801270508,0.14832549365818912,0.08104591480236101,0.6923076923076923,0.0236,0.9062499999999999,1.0,0.03014093594439197,0.1951438893221632,0.05722033163846032,0.031752626549810745
313,15,majority_only,W8A8_pooled_minmax,8,8,False,100,0,0.6144043806352936,0.14805484494229595,0.08106213231997268,0.6767001114827201,0.0234,0.9205729166666665,1.0,0.025586069731730658,0.1951438893221632,0.05733561490044647,0.03152904862619453
313,16,representative,W8A8_pooled_minmax,8,8,False,100,26,0.6147586196423417,0.14802205436054466,0.08104439441377854,0.6767001114827201,0.0239,0.91015625,1.0,0.025377777743996403,0.1951438893221632,0.05708055327925922,0.031663242684057666
313,16,balanced,W8A8_pooled_minmax,8,8,False,100,128,0.6147332075095975,0.14742655458940856,0.0810973226270479,0.6800445930880713,0.0318,0.8671875,1.0,0.0408056007124966,0.1951438893221632,0.0583373669171117,0.03137197923711113
313,16,majority_only,W8A8_pooled_minmax,8,8,False,100,0,0.6149120109496287,0.14799652394416885,0.08104384101184671,0.6722408026755853,0.0251,0.9231770833333333,1.0,0.024474512827050064,0.1951438893221632,0.057447806744753,0.031968583159578096
313,17,representative,W8A8_pooled_minmax,8,8,False,100,25,0.6140662461846591,0.14744996980696334,0.08108573681064582,0.7112597547380156,0.0233,0.9309895833333333,1.0,0.023646687502856922,0.1951438893221632,0.05693181218422376,0.03197701881806816
313,17,balanced,W8A8_pooled_minmax,8,8,False,100,128,0.6146856898830686,0.14838613167266193,0.08102722187731275,0.6677814938684504,0.0262,0.8932291666666665,1.0,0.02842208722801659,0.1951438893221632,0.05701567275405164,0.03187040236786708
313,17,majority_only,W8A8_pooled_minmax,8,8,False,100,0,0.6151459250389847,0.14664037721993445,0.08104846623553827,0.6911928651059086,0.0131,0.9348958333333334,1.0,0.019494805463985413,0.1951438893221632,0.05736970048904601,0.0316644741658601
313,18,representative,W8A8_pooled_minmax,8,8,False,100,23,0.6146194346357694,0.14803153288403567,0.08105984380110372,0.705685618729097,0.0226,0.9283854166666666,1.0,0.02180548932241112,0.1951438893221632,0.05825212171567411,0.032160899330200665
313,18,balanced,W8A8_pooled_minmax,8,8,False,100,128,0.6129133926348413,0.1480780220676266,0.08111043548457704,0.6867335562987736,0.038,0.8489583333333333,1.0,0.05340651469328387,0.1951438893221632,0.06049039987898008,0.031742944904485385
313,18,majority_only,W8A8_pooled_minmax,8,8,False,100,0,0.6133201092268575,0.14691380575471044,0.08113263934815466,0.6911928651059086,0.018,0.9270833333333333,1.0,0.024109372780703707,0.1951438893221632,0.05773407508038896,0.03221846588894661
313,19,representative,W8A8_pooled_minmax,8,8,False,100,21,0.6150873852825909,0.14701608991850262,0.08105798840615441,0.7101449275362319,0.0198,0.9361979166666666,1.0,0.020534805885931793,0.1951438893221632,0.055697905581739336,0.03181031138871735
313,19,balanced,W8A8_pooled_minmax,8,8,False,100,128,0.6144344465562028,0.14855390848786432,0.08103629416028327,0.6443701226309922,0.0466,0.8984375,1.0,0.031892176665766284,0.1951438893221632,0.057579778942501325,0.031939576791156006
313,19,majority_only,W8A8_pooled_minmax,8,8,False,100,0,0.6131783523899835,0.1474059034514016,0.0810977481740616,0.6989966555183946,0.0234,0.8776041666666665,1.0,0.03363543891515658,0.1951438893221632,0.05798366879697135,0.03157134436265594
313,20,representative,W8A8_pooled_minmax,8,8,False,100,24,0.6171864274472587,0.1492307050687174,0.08107346569235967,0.6644370122630993,0.0509,0.7981770833333333,1.0,0.07159557043578432,0.1951438893221632,0.05841987693545629,0.033065802517386784
313,20,balanced,W8A8_pooled_minmax,8,8,False,100,128,0.6153402819289364,0.14775692245409755,0.08104969606350092,0.6945373467112598,0.0245,0.8919270833333333,1.0,0.030777646162925547,0.1951438893221632,0.05783262652908146,0.03175256486850186
313,20,majority_only,W8A8_pooled_minmax,8,8,False,100,0,0.6142546021372399,0.14699203364442603,0.08108107719331352,0.6800445930880713,0.0152,0.921875,1.0,0.020674840025636562,0.1951438893221632,0.0578235869207865,0.03142809328290843
313,21,representative,W8A8_pooled_minmax,8,8,False,100,18,0.6142375178359493,0.14648073234906614,0.08108388811033654,0.705685618729097,0.0203,0.9427083333333333,1.0,0.020703899536283852,0.1951438893221632,0.056522333944108036,0.03199229094535289
313,21,balanced,W8A8_pooled_minmax,8,8,False,100,128,0.6146984265664681,0.14710710742434216,0.0810987339472846,0.7012263099219621,0.0215,0.92578125,1.0,0.02507396664951557,0.1951438893221632,0.057585132395985845,0.03143899378832641
313,21,majority_only,W8A8_pooled_minmax,8,8,False,100,0,0.6143675177343008,0.14719527074385336,0.08111403176938474,0.6778149386845039,0.0251,0.8841145833333333,1.0,0.033803166996406765,0.1951438893221632,0.05554161927008565,0.031075198270222256
313,22,representative,W8A8_pooled_minmax,8,8,False,100,27,0.6142640321816801,0.14741022997745376,0.08107736821194031,0.7134894091415831,0.0242,0.9205729166666666,1.0,0.02318352451856531,0.1951438893221632,0.055695353437650974,0.03208830513430706
313,22,balanced,W8A8_pooled_minmax,8,8,False,100,128,0.6156798247628313,0.14815202822165813,0.0810161300147881,0.673355629877369,0.0242,0.90625,1.0,0.025288561252982254,0.1951438893221632,0.05522765170153691,0.03215722522185549
313,22,majority_only,W8A8_pooled_minmax,8,8,False,100,0,0.6136437312065032,0.14764640275557608,0.0810840436297075,0.7090301003344481,0.0215,0.9231770833333333,1.0,0.02131934067949907,0.1951438893221632,0.05821579565875118,0.031715232560201305
313,23,representative,W8A8_pooled_minmax,8,8,False,100,23,0.6152006682839806,0.14783618184581618,0.08104150641305764,0.7112597547380156,0.0239,0.9192708333333333,1.0,0.024543033201053777,0.1951438893221632,0.056748407862283023,0.03187428837555031
313,23,balanced,W8A8_pooled_minmax,8,8,False,100,128,0.6150102916075911,0.1490691743644391,0.08102994119530063,0.6544035674470458,0.0412,0.8776041666666665,1.0,0.03609880531018278,0.1951438893221632,0.057602964541689394,0.031296634806613065
313,23,majority_only,W8A8_pooled_minmax,8,8,False,100,0,0.614962529044843,0.14867957053682107,0.08105205233967408,0.6465997770345596,0.0467,0.91015625,1.0,0.02894935197499962,0.1951438893221632,0.05743086802040187,0.031537132329265846
