config,policy,n,auroc,brier,sensitivity,threshold_disagreement,top3_overlap,eligible_fraction,absolute_attr_drift,top3_deletion
W4A4_pooled_p995,balanced,72,0.5905384936727328,0.08427190736973321,0.6443081877864487,0.20842361111111113,0.5423166223092535,0.9986979166666666,0.3022771116265337,0.08730606616699395
W4A4_pooled_p995,majority_only,72,0.5908144840624696,0.08461714940814034,0.6921218877740617,0.20598194444444445,0.5423154629942275,0.9992947048611112,0.3078343079487433,0.09049483060721589
W4A4_pooled_p995,representative,72,0.5901889543793909,0.08465399760034358,0.6928496221974483,0.20603333333333335,0.540843269536777,0.9990234375,0.3101934369073628,0.08983010954502828
W4A8_pooled_p995,balanced,72,0.5992779157789259,0.08278734944451042,0.6743930385234733,0.15838194444444442,0.6975368923611112,1.0,0.1415734991275963,0.07068872020205626
W4A8_pooled_p995,majority_only,72,0.5991332579787055,0.08278282371437089,0.6762046327263719,0.15935,0.6960720486111112,1.0,0.14292023309190405,0.07027732342192682
W4A8_pooled_p995,representative,72,0.5991383897326874,0.08278065274714075,0.6751827077914034,0.15933333333333333,0.6969220196759259,1.0,0.14278685861437868,0.07051008128620057
W8A4_channel_minmax,balanced,72,0.574424588009455,0.10012498393270536,0.7108416945373467,0.2539527777777778,0.4996794052409624,0.9860026041666666,0.691824649068132,0.15809045402301491
W8A4_channel_minmax,majority_only,72,0.5830914162932035,0.09007348569303981,0.704338535860275,0.21949166666666667,0.5111253085122093,0.9954427083333334,0.5338012564492616,0.12242890941535707
W8A4_channel_minmax,representative,72,0.5788373189627076,0.09964289385855579,0.7165551839464883,0.23366388888888887,0.509951000710772,0.98193359375,0.5991701823711876,0.1441726439994457
W8A4_channel_p995,balanced,72,0.5948018347940853,0.08452468135747655,0.7217422271770099,0.1621152777777778,0.5649443105967518,0.9979926215277778,0.30849470931169537,0.09375684552504135
W8A4_channel_p995,majority_only,72,0.5943743726145849,0.08405693059952266,0.7100365415582807,0.15875138888888887,0.568952157542005,0.9978298611111112,0.29242469669692617,0.08962040513013692
W8A4_channel_p995,representative,72,0.5944400265774848,0.08422945759712223,0.7192338659729964,0.15899305555555554,0.566292795187528,0.9982096354166666,0.2966368636331811,0.09089838119952168
W8A4_pooled_p995,balanced,72,0.5951735960960106,0.08393040349152277,0.6688963210702341,0.15282083333333332,0.5654209976419755,0.9982638888888888,0.288846698174449,0.08727553425916662
W8A4_pooled_p995,majority_only,72,0.5944407316195881,0.08422750109154414,0.7117862009166357,0.1529486111111111,0.5588710164315764,0.9984809027777778,0.3008453225043166,0.08967403488533306
W8A4_pooled_p995,representative,72,0.5943385175240775,0.0842631552981506,0.7111513687600645,0.15286527777777778,0.5583631748371374,0.9986436631944444,0.30417860589769863,0.08897413557034314
W8A8_pooled_p995,balanced,72,0.6050035882135548,0.08223595592321316,0.6900006193484454,0.032293055555555554,0.9044053819444444,1.0,0.049197400034921256,0.07124701531076905
W8A8_pooled_p995,majority_only,72,0.604715496443737,0.08223545173354195,0.6897219125479995,0.035866666666666665,0.8965928819444444,1.0,0.053964644371981646,0.07106044894022201
W8A8_pooled_p995,representative,72,0.6047696800775098,0.08223606289406746,0.6893348197696024,0.03560972222222222,0.8975875289351851,1.0,0.053484288660153166,0.07111128547999633
