seed,size,draw,rule,members_flagged,nonmembers_flagged,members_flagged_three_scales,nonmembers_flagged_three_scales,members_flagged_hidden1,nonmembers_flagged_hidden1,members_flagged_hidden2,nonmembers_flagged_hidden2,count,step,zero_point,boundary,hidden1_step,hidden2_step,hidden1_zero_point,hidden2_zero_point,hidden_quantizers_post_relu,member_boundary_match,fp32_auroc,int8_auroc,mean_absolute_prediction_change,top3_overlap_eligible,eligible_fraction,attr_l1_absolute_mean,fp_attr_l1_absolute_mean,top3_deletion,random3_deletion,threshold_disagreement
311,64,0,minmax,1,1,2,1,1,0,1,0,64,0.05133170261979103,0,6.519126232713461,0.012143269181251526,0.011292809620499611,0,0,True,True,0.6233482266801431,0.6217423635928764,0.005212896,,,,,,,
311,64,0,percentile,0,0,0,0,0,0,0,0,64,0.016517380252480507,0,2.0977072920650244,0.00819433480501175,0.009947377257049084,0,0,True,False,0.6233482266801431,0.6200733681951055,0.008988123,,,,,,,
311,64,1,minmax,1,0,2,0,1,0,1,0,64,0.10500029474496841,0,13.335037432610989,0.01783682405948639,0.011289658024907112,0,0,True,True,0.6233482266801431,0.6227727490330837,0.008105704,,,,,,,
311,64,1,percentile,0,0,0,0,0,0,0,0,64,0.016508834436535835,0,2.096621973440051,0.00867454893887043,0.010010750964283943,0,0,True,False,0.6233482266801431,0.6203535139958393,0.009219058,,,,,,,
311,64,2,minmax,1,0,2,0,1,0,1,0,64,0.05133170261979103,0,6.519126232713461,0.009827089495956898,0.011009613052010536,0,0,True,True,0.6233482266801431,0.6223011855770288,0.006429112,,,,,,,
311,64,2,percentile,0,0,0,0,0,0,0,0,64,0.015940900892019272,0,2.0244944132864475,0.008046888746321201,0.01017098966985941,0,0,True,False,0.6233482266801431,0.6208621240550514,0.009661116,,,,,,,
311,64,3,minmax,1,0,3,0,1,0,1,0,64,0.028584564104676247,0,3.6302396412938833,0.011719572357833385,0.01107832696288824,0,0,True,True,0.6233482266801431,0.6220151613070336,0.005510906,,,,,,,
311,64,3,percentile,0,0,0,0,0,0,0,0,64,0.01801888458430767,0,2.288398342207074,0.008377662859857082,0.00998023059219122,0,0,True,False,0.6233482266801431,0.6209661607141654,0.008082397,,,,,,,
311,64,4,minmax,1,0,3,0,1,0,1,0,64,0.04369596764445305,0,5.549387890845537,0.012189080938696861,0.012022066861391068,0,0,True,True,0.6233482266801431,0.6217907997302272,0.0057881163,,,,,,,
311,64,4,percentile,0,0,0,0,0,0,0,0,64,0.01986374333500862,0,2.522695403546095,0.008504979312419891,0.00983837153762579,0,0,True,False,0.6233482266801431,0.6235534832318501,0.008095227,,,,,,,
311,64,5,minmax,1,0,2,0,1,0,1,0,64,0.05133170261979103,0,6.519126232713461,0.009965023025870323,0.01121545024216175,0,0,True,True,0.6233482266801431,0.6228742750959506,0.0065697976,,,,,,,
311,64,5,percentile,0,0,0,0,0,0,0,0,64,0.01533935684710741,0,1.9480983195826411,0.007644067518413067,0.009556133300065994,0,0,True,False,0.6233482266801431,0.6211680493928582,0.009892289,,,,,,,
311,64,6,minmax,1,0,2,0,1,0,1,0,64,0.029712209478020668,0,3.773450603708625,0.013183451257646084,0.011547507718205452,0,0,True,True,0.6233482266801431,0.6228766019900334,0.007153315,,,,,,,
311,64,6,percentile,0,0,0,0,0,0,0,0,64,0.01595870777964592,0,2.026755888015032,0.007821236737072468,0.00960224773734808,0,0,True,False,0.6233482266801431,0.6202954028778292,0.010281489,,,,,,,
311,64,7,minmax,1,0,2,0,1,0,1,0,64,0.0647488534450531,0,8.223104387521744,0.013484804891049862,0.011048865504562855,0,0,True,True,0.6233482266801431,0.6217124813741314,0.005407581,,,,,,,
311,64,7,percentile,0,0,0,0,0,0,0,0,64,0.01650336943566799,0,2.095927918329835,0.007150633726269007,0.009969874285161495,0,0,True,False,0.6233482266801431,0.6214818739237349,0.009090302,,,,,,,
311,64,8,minmax,1,0,3,0,1,0,1,0,64,0.06369314342737198,0,8.089029215276241,0.012079190462827682,0.012547618709504604,0,0,True,True,0.6233482266801431,0.6226433002412255,0.0055461708,,,,,,,
311,64,8,percentile,0,0,0,0,0,0,0,0,64,0.016514189541339874,0,2.097302071750164,0.0077972118742764,0.009821207262575626,0,0,True,False,0.6233482266801431,0.6211245732139465,0.008963409,,,,,,,
311,64,9,minmax,1,0,3,0,1,0,1,0,64,0.029712209478020668,0,3.773450603708625,0.01084926724433899,0.011276359669864178,0,0,True,True,0.6233482266801431,0.6224286136450783,0.0065847374,,,,,,,
311,64,9,percentile,0,0,0,0,0,0,0,0,64,0.01652451604604721,0,2.0986135378479958,0.007972728461027145,0.010373369790613651,0,0,True,False,0.6233482266801431,0.6214240689759988,0.009414037,,,,,,,
311,64,10,minmax,1,0,3,0,1,0,1,0,64,0.05133170261979103,0,6.519126232713461,0.011993613094091415,0.010882447473704815,0,0,True,True,0.6233482266801431,0.6230570587495443,0.005288719,,,,,,,
311,64,10,percentile,0,0,0,0,0,0,0,0,64,0.016517380252480507,0,2.0977072920650244,0.0076189893297851086,0.010138529352843761,0,0,True,False,0.6233482266801431,0.6219527025711322,0.009213668,,,,,,,
311,64,11,minmax,1,0,2,0,1,0,1,0,64,0.0647488534450531,0,8.223104387521744,0.012485126964747906,0.01057539600878954,0,0,True,True,0.6233482266801431,0.6207284501134116,0.005388243,,,,,,,
311,64,11,percentile,0,0,0,0,0,0,0,0,64,0.01650336943566799,0,2.095927918329835,0.007803204469382763,0.009857632219791412,0,0,True,False,0.6233482266801431,0.6217033574999653,0.009138989,,,,,,,
311,256,0,minmax,1,0,1,0,1,0,1,0,256,0.5792657136917114,0,73.56674563884735,0.07316025346517563,0.013241427950561047,0,0,True,True,0.6233482266801431,0.6246919467787886,0.017945597,0.6505376344086021,0.96875,0.12215195066528395,0.19691271253395826,0.06180785968899727,0.03396979719400406,0.1558
311,256,0,percentile,0,0,0,0,0,0,0,0,256,0.016404984518885612,0,2.083433033898473,0.00800190307199955,0.009853484109044075,0,0,True,False,0.6233482266801431,0.6202924636431986,0.008859416,0.782608695652174,0.98828125,0.06389365189534146,0.19691271253395826,0.056971631944179535,0.03170805424451828,0.0564
311,256,1,minmax,1,0,3,0,1,0,1,0,256,0.06119672581553459,0,7.771984178572893,0.013537541963160038,0.011558136902749538,0,0,True,True,0.6233482266801431,0.6218775683858863,0.0048751715,0.8366533864541833,0.98046875,0.04758458244759822,0.19691271253395826,0.06377696245908737,0.033910978585481644,0.0283
311,256,1,percentile,0,0,0,0,0,0,0,0,256,0.016524311155080795,0,2.098587516695261,0.007813171483576298,0.009808613918721676,0,0,True,False,0.6233482266801431,0.6219903615148374,0.009121732,0.7949735449735449,0.984375,0.06456083962257253,0.19691271253395826,0.057196203619241714,0.03046220913529396,0.0556
311,256,2,minmax,2,0,4,0,1,0,1,0,256,0.07816600054502487,0,9.927082069218159,0.017003271728754044,0.01243687141686678,0,0,True,True,0.6233482266801431,0.6233498799996228,0.0047843484,0.8386666666666667,0.9765625,0.04212043843654101,0.19691271253395826,0.06534142792224884,0.034515395760536194,0.0492
311,256,2,percentile,0,0,0,0,0,0,0,0,256,0.019846836104989052,0,2.5205481853336096,0.008501635864377022,0.009940994903445244,0,0,True,False,0.6233482266801431,0.6223052882587006,0.007564221,0.820615796519411,0.97265625,0.05462946421903325,0.19691271253395826,0.059871524572372437,0.03261590003967285,0.0399
311,256,3,minmax,2,1,3,1,1,0,1,0,256,0.0647488534450531,0,8.223104387521744,0.01617928221821785,0.011914203874766827,0,0,True,True,0.6233482266801431,0.621300131249073,0.005204416,0.8213333333333332,0.9765625,0.04360235466083395,0.19691271253395826,0.06373801827430725,0.034777265042066574,0.0463
311,256,3,percentile,0,0,0,0,0,0,0,0,256,0.017230529338121414,0,2.1882772259414196,0.008129141293466091,0.01020968146622181,0,0,True,False,0.6233482266801431,0.6210017377000072,0.008413104,0.7933333333333332,0.9765625,0.058958570483810036,0.19691271253395826,0.05823720619082451,0.032414764165878296,0.0466
311,256,4,minmax,1,0,3,0,1,0,1,0,256,0.07099616527557373,0,9.016512989997864,0.013032975606620312,0.01184050366282463,0,0,True,True,0.6233482266801431,0.6244206186819468,0.004752348,0.828042328042328,0.984375,0.04163359783706255,0.19691271253395826,0.06497529149055481,0.03453614190220833,0.029
311,256,4,percentile,0,0,0,0,0,0,0,0,256,0.016501061618328094,0,2.095634825527668,0.00782742165029049,0.010250592604279518,0,0,True,False,0.6233482266801431,0.6215250439323726,0.0090209935,0.8220451527224435,0.98046875,0.06279591986822197,0.19691271253395826,0.05615377798676491,0.031031550839543343,0.0539
311,256,5,minmax,1,0,3,0,1,0,1,0,256,0.04180704057216644,0,5.309494152665138,0.01100497879087925,0.01170903816819191,0,0,True,True,0.6233482266801431,0.6226872050585208,0.0055184634,0.8306666666666667,0.9765625,0.047041473793797195,0.19691271253395826,0.05859887972474098,0.03260890766978264,0.0363
311,256,5,percentile,0,0,0,0,0,0,0,0,256,0.016514597460627556,0,2.0973538774996996,0.007942070253193378,0.009879500605165958,0,0,True,False,0.6233482266801431,0.6213308095105304,0.010584353,0.7953929539295392,0.9609375,0.07936755198170431,0.19691271253395826,0.054550401866436005,0.02756294421851635,0.0499
311,256,6,minmax,1,0,2,0,1,0,1,0,256,0.07816600054502487,0,9.927082069218159,0.012527937069535255,0.012088693678379059,0,0,True,True,0.6233482266801431,0.6224489433512737,0.005253968,0.848,0.9765625,0.042524974516709335,0.19691271253395826,0.06341493129730225,0.033687278628349304,0.0249
311,256,6,percentile,0,0,0,0,0,0,0,0,256,0.01648814044892788,0,2.0939938370138407,0.00808076374232769,0.009916506707668304,0,0,True,False,0.6233482266801431,0.6199870894118849,0.008827845,0.8034528552456839,0.98046875,0.061683068528509466,0.19691271253395826,0.05614569038152695,0.031205501407384872,0.0531
311,256,7,minmax,1,0,1,0,1,0,1,0,256,0.14525173604488373,0,18.446970477700233,0.024552104994654655,0.011586710810661316,0,0,True,True,0.6233482266801431,0.6209476680296141,0.0046283496,0.8307086614173228,0.9921875,0.04928188616031548,0.19691271253395826,0.06434918940067291,0.03543470799922943,0.0337
311,256,7,percentile,0,0,0,0,0,0,0,0,256,0.0162415262311697,0,2.062673831358552,0.00787633378058672,0.00995167251676321,0,0,True,False,0.6233482266801431,0.6215653359404345,0.008968068,0.8026666666666666,0.9765625,0.06227166329335887,0.19691271253395826,0.05733455717563629,0.031245814636349678,0.0544
311,256,8,minmax,1,0,1,0,1,0,1,0,256,0.20975345373153687,0,26.638688623905182,0.01981610804796219,0.016801180317997932,0,0,True,True,0.6233482266801431,0.6209057839361275,0.0062327543,0.7737617135207496,0.97265625,0.06169628080169787,0.19691271253395826,0.06384792923927307,0.03513471037149429,0.06
311,256,8,percentile,0,0,0,0,0,0,0,0,256,0.018128106370568275,0,2.302269509062171,0.008311540819704533,0.009901868179440498,0,0,True,False,0.6233482266801431,0.6222289293923585,0.008119667,0.8110661268556004,0.96484375,0.05910409502394032,0.19691271253395826,0.05721699073910713,0.03171680495142937,0.0471
311,256,9,minmax,1,0,2,0,1,0,1,0,256,0.07829917967319489,0,9.94399581849575,0.011203783564269543,0.012415686622262001,0,0,True,True,0.6233482266801431,0.6220048127517717,0.005842309,0.8346774193548386,0.96875,0.044588938282686286,0.19691271253395826,0.059760838747024536,0.03327834606170654,0.0256
311,256,9,percentile,0,0,0,0,0,0,0,0,256,0.016478000208735466,0,2.092706026509404,0.008205896243453026,0.009966498240828514,0,0,True,False,0.6233482266801431,0.6197940796711389,0.00856701,0.8108465608465608,0.984375,0.061875423562014475,0.19691271253395826,0.05694924294948578,0.03141922503709793,0.0467
311,256,10,minmax,2,0,3,0,1,0,1,0,256,0.09158314764499664,0,11.631059750914574,0.02131066285073757,0.011746132746338844,0,0,True,True,0.6233482266801431,0.6212244459573338,0.0041422257,0.8180610889774237,0.98046875,0.042607041461451445,0.19691271253395826,0.06682530045509338,0.03477705270051956,0.0237
311,256,10,percentile,0,0,0,0,0,0,0,0,256,0.016501063480973244,0,2.095635062083602,0.007845820859074593,0.009841973893344402,0,0,True,False,0.6233482266801431,0.6214053313552284,0.008899514,0.835978835978836,0.984375,0.06383820269547869,0.19691271253395826,0.05757450312376022,0.03097381629049778,0.0502
311,256,11,minmax,1,0,1,0,1,0,1,0,256,0.18054141104221344,0,22.928759202361107,0.017842773348093033,0.016429614275693893,0,0,True,True,0.6233482266801431,0.6228663759028809,0.009326532,0.7697456492637214,0.97265625,0.062159858523955336,0.19691271253395826,0.061492741107940674,0.03401986509561539,0.0816
311,256,11,percentile,0,0,0,0,0,0,0,0,256,0.019834870472550392,0,2.5190285500139,0.008721004240214825,0.010156196542084217,0,0,True,False,0.6233482266801431,0.6223719721443836,0.0075131822,0.823451910408432,0.98828125,0.055854460908449255,0.19691271253395826,0.056997910141944885,0.03132756054401398,0.0437
312,64,0,minmax,1,0,2,0,1,0,1,0,64,0.05639013275504112,0,7.1615468598902225,0.021050097420811653,0.00868277158588171,0,0,True,True,0.6214203949327104,0.6230353818941432,0.011478695,,,,,,,
312,64,0,percentile,0,0,0,0,0,0,0,0,64,0.015942327678203583,0,2.024675615131855,0.009353314526379108,0.007792448624968529,0,0,True,False,0.6214203949327104,0.6133577681705629,0.02239631,,,,,,,
312,64,1,minmax,2,0,4,0,1,0,1,0,64,0.04549767076969147,0,5.778204187750816,0.016640976071357727,0.009785756468772888,0,0,True,True,0.6214203949327104,0.621939598483404,0.010815491,,,,,,,
312,64,1,percentile,0,0,0,0,0,0,0,0,64,0.02070499397814274,0,2.6295342352241278,0.009336172603070736,0.007305869832634926,0,0,True,False,0.6214203949327104,0.6148163021219683,0.021439362,,,,,,,
312,64,2,minmax,1,0,3,0,1,0,1,0,64,0.03791455924510956,0,4.815149024128914,0.01231986191123724,0.009699628688395023,0,0,True,True,0.6214203949327104,0.6195537972400833,0.015782764,,,,,,,
312,64,2,percentile,0,0,0,0,0,0,0,0,64,0.016532080247998238,0,2.099574191495776,0.0085721705108881,0.007473640143871307,0,0,True,False,0.6214203949327104,0.6140957609990751,0.022826292,,,,,,,
312,64,3,minmax,1,0,3,0,1,0,1,0,64,0.03791455924510956,0,4.815149024128914,0.016029277816414833,0.00945055391639471,0,0,True,True,0.6214203949327104,0.6210643801380731,0.012267322,,,,,,,
312,64,3,percentile,0,0,0,0,0,0,0,0,64,0.019864413887262344,0,2.5227805636823177,0.009775667451322079,0.007383245043456554,0,0,True,False,0.6214203949327104,0.6154148037736343,0.020688139,,,,,,,
312,64,4,minmax,1,0,2,0,1,0,1,0,64,0.09259484708309174,0,11.75954557955265,0.027070367708802223,0.008812753483653069,0,0,True,True,0.6214203949327104,0.6233153439927126,0.0068493574,,,,,,,
312,64,4,percentile,0,0,0,0,0,0,0,0,64,0.01650249771773815,0,2.0958172101527452,0.009662323631346226,0.007444366812705994,0,0,True,False,0.6214203949327104,0.61385535609991,0.01987452,,,,,,,
312,64,5,minmax,1,0,2,0,1,0,1,0,64,0.06119672581553459,0,7.771984178572893,0.01790057122707367,0.009743452072143555,0,0,True,True,0.6214203949327104,0.6218470125925385,0.012219431,,,,,,,
312,64,5,percentile,0,0,0,0,0,0,0,0,64,0.019871007651090622,0,2.523617971688509,0.010243882425129414,0.007107772398740053,0,0,True,False,0.6214203949327104,0.6158331548360636,0.020828472,,,,,,,
312,64,6,minmax,1,0,2,0,1,0,1,0,64,0.05133170261979103,0,6.519126232713461,0.014230860397219658,0.009843098931014538,0,0,True,True,0.6214203949327104,0.6215291466140447,0.014846979,,,,,,,
312,64,6,percentile,0,0,0,0,0,0,0,0,64,0.015940900892019272,0,2.0244944132864475,0.009081901982426643,0.007074727211147547,0,0,True,False,0.6214203949327104,0.6131054226307106,0.021882309,,,,,,,
312,64,7,minmax,1,0,3,0,1,0,1,0,64,0.03791455924510956,0,4.815149024128914,0.012592959217727184,0.009131339378654957,0,0,True,True,0.6214203949327104,0.6196442399390305,0.01551476,,,,,,,
312,64,7,percentile,0,0,0,0,0,0,0,0,64,0.01817973330616951,0,2.3088261298835278,0.008436298929154873,0.0077357785776257515,0,0,True,False,0.6214203949327104,0.6130070195046385,0.02271294,,,,,,,
312,64,8,minmax,1,0,3,0,1,0,1,0,64,0.05639013275504112,0,7.1615468598902225,0.016591278836131096,0.009846904315054417,0,0,True,True,0.6214203949327104,0.6222484018217865,0.0105292415,,,,,,,
312,64,8,percentile,0,0,0,0,0,0,0,0,64,0.02043040841817856,0,2.594661869108677,0.010288537479937077,0.00768808601424098,0,0,True,False,0.6214203949327104,0.6159091462980769,0.01858022,,,,,,,
312,64,9,minmax,1,0,3,0,1,0,1,0,64,0.051251668483018875,0,6.508961897343397,0.01296143513172865,0.008670443668961525,0,0,True,True,0.6214203949327104,0.6209215210882124,0.014965454,,,,,,,
312,64,9,percentile,0,0,0,0,0,0,0,0,64,0.01651665009558201,0,2.097614562138915,0.009581842459738255,0.007247948553413153,0,0,True,False,0.6214203949327104,0.6147156945699233,0.021853743,,,,,,,
312,64,10,minmax,1,0,3,0,1,0,1,0,64,0.05133170261979103,0,6.519126232713461,0.014432740397751331,0.009740401990711689,0,0,True,True,0.6214203949327104,0.6219284538854294,0.014872989,,,,,,,
312,64,10,percentile,0,0,0,0,0,0,0,0,64,0.017344500869512558,0,2.202751610428095,0.010627232491970062,0.007077011279761791,0,0,True,False,0.6214203949327104,0.616250526153616,0.0196782,,,,,,,
312,64,11,minmax,2,2,4,2,1,0,1,0,64,0.024497412145137787,0,3.111171342432499,0.009719625115394592,0.008771003223955631,0,0,True,True,0.6214203949327104,0.6144789637140462,0.018955195,,,,,,,
312,64,11,percentile,0,0,0,0,0,0,0,0,64,0.015956809744238853,0,2.0265148375183344,0.0083765322342515,0.0072506386786699295,0,0,True,False,0.6214203949327104,0.6127243631076575,0.02306694,,,,,,,
312,256,0,minmax,1,0,2,0,1,0,1,0,256,0.1075112447142601,0,13.653928078711033,0.02667151764035225,0.009623448364436626,0,0,True,True,0.6214203949327104,0.623259253598511,0.007811136,0.8102981029810298,0.9609375,0.06294211910426384,0.19066545355599374,0.058777496218681335,0.03355671465396881,0.0385
312,256,0,percentile,0,0,0,0,0,0,0,0,256,0.01648365706205368,0,2.0934244468808174,0.010053912177681923,0.0074102431535720825,0,0,True,False,0.6214203949327104,0.6147936455216901,0.019495647,0.7724867724867724,0.984375,0.09539392760052579,0.19066545355599374,0.0658603236079216,0.032307688146829605,0.1467
312,256,1,minmax,1,0,3,0,1,0,1,0,256,0.07829917967319489,0,9.94399581849575,0.023179063573479652,0.010492134839296341,0,0,True,True,0.6214203949327104,0.6224589857362617,0.0074579534,0.7948717948717948,0.96484375,0.06182620223808044,0.19066545355599374,0.060932457447052,0.035118259489536285,0.0381
312,256,1,percentile,0,0,0,0,0,0,0,0,256,0.01800728216767311,0,2.286924835294485,0.010197429917752743,0.007751269731670618,0,0,True,False,0.6214203949327104,0.6160283690027826,0.019310366,0.7573333333333333,0.9765625,0.09232764459738974,0.19066545355599374,0.06800185889005661,0.03277307748794556,0.1411
312,256,2,minmax,1,0,2,0,1,0,1,0,256,0.0647488534450531,0,8.223104387521744,0.0221506729722023,0.009473126381635666,0,0,True,True,0.6214203949327104,0.6237485136964047,0.009342509,0.8205128205128204,0.96484375,0.06521404923842056,0.19066545355599374,0.06306756287813187,0.034436412155628204,0.0499
312,256,2,percentile,0,0,0,0,0,0,0,0,256,0.01650336943566799,0,2.095927918329835,0.009799077175557613,0.007567400112748146,0,0,True,False,0.6214203949327104,0.6146490106842403,0.019882815,0.758893280632411,0.98828125,0.09783448173402576,0.19066545355599374,0.06358107924461365,0.03266856074333191,0.1375
312,256,3,minmax,1,0,3,0,1,0,1,0,256,0.05639013275504112,0,7.1615468598902225,0.017930448055267334,0.00941268727183342,0,0,True,True,0.6214203949327104,0.6230713262843138,0.00984467,0.8075880758807588,0.9609375,0.06643739965511486,0.19066545355599374,0.06371039897203445,0.03384900093078613,0.0456
312,256,3,percentile,0,0,0,0,0,0,0,0,256,0.016493013128638268,0,2.09461266733706,0.009131570346653461,0.007762709632515907,0,0,True,False,0.6214203949327104,0.6138316585207003,0.021035966,0.7620967741935483,0.96875,0.10126813791066525,0.19066545355599374,0.06540749222040176,0.03238505870103836,0.1381
312,256,4,minmax,1,3,2,3,1,0,1,0,256,0.05133170261979103,0,6.519126232713461,0.017930448055267334,0.010414570569992065,0,0,True,True,0.6214203949327104,0.621413965356956,0.011266738,0.7916666666666666,0.96875,0.07100929399894085,0.19066545355599374,0.06275034695863724,0.03414984792470932,0.0513
312,256,4,percentile,0,0,0,0,0,0,0,0,256,0.016517380252480507,0,2.0977072920650244,0.008807632140815258,0.007963485084474087,0,0,True,False,0.6214203949327104,0.6135685970212571,0.021939363,0.7696476964769647,0.9609375,0.10386700554954587,0.19066545355599374,0.06435419619083405,0.031344279646873474,0.1539
312,256,5,minmax,2,1,4,1,1,0,1,0,256,0.04549767076969147,0,5.778204187750816,0.01353275217115879,0.009473126381635666,0,0,True,True,0.6214203949327104,0.6209574042443283,0.01338823,0.7994579945799456,0.9609375,0.07858599342216621,0.19066545355599374,0.06556539982557297,0.03430182486772537,0.0897
312,256,5,percentile,0,0,0,0,0,0,0,0,256,0.01650623418390751,0,2.0962917413562536,0.008973377756774426,0.007488765753805637,0,0,True,False,0.6214203949327104,0.6144892510352535,0.0217728,0.7665317139001349,0.96484375,0.10121775537845679,0.19066545355599374,0.06583163142204285,0.03243086859583855,0.1618
312,256,6,minmax,1,0,1,0,1,0,1,0,256,0.20975345373153687,0,26.638688623905182,0.04686420038342476,0.013468648307025433,0,0,True,True,0.6214203949327104,0.6192792237383367,0.007465586,0.7439999999999999,0.9765625,0.08579756676044781,0.19066545355599374,0.057189442217350006,0.03281012177467346,0.0548
312,256,6,percentile,0,0,0,0,0,0,0,0,256,0.01628457009792328,0,2.0681404024362564,0.009862534701824188,0.007668185513466597,0,0,True,False,0.6214203949327104,0.616158675071408,0.02146777,0.7566137566137566,0.984375,0.0961529691448959,0.19066545355599374,0.06612803041934967,0.03268466517329216,0.1582
312,256,7,minmax,1,0,2,0,1,0,1,0,256,0.11841744184494019,0,15.039015114307404,0.02966366894543171,0.011350279673933983,0,0,True,True,0.6214203949327104,0.6232081231627488,0.007924138,0.7973333333333332,0.9765625,0.06965406165181776,0.19066545355599374,0.05797087401151657,0.03330889716744423,0.0427
312,256,7,percentile,0,0,0,0,0,0,0,0,256,0.016478989273309708,0,2.092831637710333,0.010211370885372162,0.007304525934159756,0,0,True,False,0.6214203949327104,0.6159507242212896,0.020049134,0.764784946236559,0.96875,0.09795066279184539,0.19066545355599374,0.06211477145552635,0.030951593071222305,0.1518
312,256,8,minmax,1,0,3,0,1,0,1,0,256,0.0647488534450531,0,8.223104387521744,0.01933102309703827,0.009904301725327969,0,0,True,True,0.6214203949327104,0.6220203049676373,0.010122521,0.8089430894308943,0.9609375,0.06287597107620968,0.19066545355599374,0.06016810983419418,0.035212192684412,0.0428
312,256,8,percentile,0,0,0,0,0,0,0,0,256,0.01802092045545578,0,2.288656897842884,0.01001475378870964,0.007800604682415724,0,0,True,False,0.6214203949327104,0.613591559791809,0.020186761,0.7830687830687831,0.984375,0.0979056436844985,0.19066545355599374,0.06643415242433548,0.03216811642050743,0.153
312,256,9,minmax,1,0,1,0,1,0,1,0,256,0.18054141104221344,0,22.928759202361107,0.036313388496637344,0.011607790365815163,0,0,True,True,0.6214203949327104,0.6192966142099013,0.008052858,0.7620967741935483,0.96875,0.07499157988058869,0.19066545355599374,0.061391521245241165,0.031790949404239655,0.0742
312,256,9,percentile,0,0,0,0,0,0,0,0,256,0.016484981402754784,0,2.0935926381498575,0.009734399616718292,0.007742305286228657,0,0,True,False,0.6214203949327104,0.6144816580124576,0.019988712,0.7617135207496653,0.97265625,0.09778134805310401,0.19066545355599374,0.06609905511140823,0.03271569684147835,0.1288
312,256,10,minmax,1,1,2,1,1,0,1,0,256,0.0647488534450531,0,8.223104387521744,0.018567293882369995,0.009528553113341331,0,0,True,True,0.6214203949327104,0.6233520231915409,0.011366988,0.783068783068783,0.984375,0.0693498284308589,0.19066545355599374,0.06363363564014435,0.033931851387023926,0.0743
312,256,10,percentile,0,0,0,0,0,0,0,0,256,0.020423710346221924,0,2.5938112139701843,0.010054261423647404,0.007755907718092203,0,0,True,False,0.6214203949327104,0.6153885955981777,0.019165758,0.7769028871391075,0.9921875,0.09068072794980253,0.19066545355599374,0.06787943094968796,0.03334800899028778,0.1368
312,256,11,minmax,1,0,1,0,1,0,1,0,256,0.5792657136917114,0,73.56674563884735,0.13538789749145508,0.03402334451675415,0,0,True,True,0.6214203949327104,0.6163052693986117,0.016605534,0.6251673360107095,0.97265625,0.13642185109711136,0.19066545355599374,0.06251288205385208,0.03117956779897213,0.1453
312,256,11,percentile,0,0,0,0,0,0,0,0,256,0.016404984518885612,0,2.083433033898473,0.010180535726249218,0.008339706808328629,0,0,True,False,0.6214203949327104,0.6165200172288136,0.019758448,0.7782312925170067,0.95703125,0.1031962488341378,0.19066545355599374,0.0644836500287056,0.03134579584002495,0.1143
313,64,0,minmax,1,0,2,0,1,0,1,0,64,0.0647488534450531,0,8.223104387521744,0.01765166036784649,0.008099781349301338,0,0,True,True,0.6141771410579113,0.6049570681918356,0.053841557,,,,,,,
313,64,0,percentile,0,0,0,0,0,0,0,0,64,0.014922588132321835,0,1.895168692804873,0.008929258212447166,0.007273192051798105,0,0,True,False,0.6141771410579113,0.5998219803558703,0.057317626,,,,,,,
313,64,1,minmax,1,0,2,0,1,0,1,0,64,0.0647488534450531,0,8.223104387521744,0.01611151359975338,0.009300327859818935,0,0,True,True,0.6141771410579113,0.6040984442753567,0.051703118,,,,,,,
313,64,1,percentile,0,0,0,0,0,0,0,0,64,0.019854627549648285,0,2.521537698805332,0.008724447339773178,0.007452069316059351,0,0,True,False,0.6141771410579113,0.6034668762340959,0.05630249,,,,,,,
313,64,2,minmax,1,0,1,0,1,0,1,0,64,0.11841744184494019,0,15.039015114307404,0.024508561939001083,0.012794469483196735,0,0,True,True,0.6141771410579113,0.6051078876688207,0.04411749,,,,,,,
313,64,2,percentile,0,0,0,0,0,0,0,0,64,0.019832609221339226,0,2.5187413711100817,0.009585624560713768,0.008102747611701488,0,0,True,False,0.6141771410579113,0.602078577743552,0.053570166,,,,,,,
313,64,3,minmax,1,0,1,0,1,0,1,0,64,0.04908711463212967,0,6.234063558280468,0.018044957891106606,0.014546306803822517,0,0,True,True,0.6141771410579113,0.6048325181243617,0.040400486,,,,,,,
313,64,3,percentile,0,0,0,0,0,0,0,0,64,0.02042100764811039,0,2.5934679713100195,0.010352942161262035,0.008423789404332638,0,0,True,False,0.6141771410579113,0.6024228968337217,0.052645568,,,,,,,
313,64,4,minmax,1,0,2,0,1,0,1,0,64,0.05133170261979103,0,6.519126232713461,0.01187731884419918,0.010428796522319317,0,0,True,True,0.6141771410579113,0.6058993990612329,0.049012963,,,,,,,
313,64,4,percentile,0,0,0,0,0,0,0,0,64,0.016517380252480507,0,2.0977072920650244,0.009708316065371037,0.007612817920744419,0,0,True,False,0.6141771410579113,0.600836506175883,0.0547052,,,,,,,
313,64,5,minmax,1,1,2,1,1,0,1,0,64,0.034251339733600616,0,4.349920146167278,0.011339235119521618,0.008015328086912632,0,0,True,True,0.6141771410579113,0.6041750480779181,0.05211035,,,,,,,
313,64,5,percentile,0,0,0,0,0,0,0,0,64,0.016506871208548546,0,2.0963726434856653,0.008233126252889633,0.006931224372237921,0,0,True,False,0.6141771410579113,0.5984365598659023,0.056241956,,,,,,,
313,64,6,minmax,1,0,2,0,1,0,1,0,64,0.05597398057579994,0,7.108695533126593,0.012807912193238735,0.008986840955913067,0,0,True,True,0.6141771410579113,0.6045326549579806,0.04974113,,,,,,,
313,64,6,percentile,0,0,0,0,0,0,0,0,64,0.01801115833222866,0,2.28741710819304,0.008993054740130901,0.007981965318322182,0,0,True,False,0.6141771410579113,0.6008628980535041,0.05338562,,,,,,,
313,64,7,minmax,1,0,3,0,1,0,1,0,64,0.03791455924510956,0,4.815149024128914,0.011105074547231197,0.008655487559735775,0,0,True,True,0.6141771410579113,0.6040250858777001,0.053226873,,,,,,,
313,64,7,percentile,0,0,0,0,0,0,0,0,64,0.01595817692577839,0,2.0266884695738554,0.008610770106315613,0.00748479925096035,0,0,True,False,0.6141771410579113,0.5990672093963412,0.05559397,,,,,,,
313,64,8,minmax,1,0,2,0,1,0,1,0,64,0.028584564104676247,0,3.6302396412938833,0.011424995958805084,0.008044683374464512,0,0,True,True,0.6141771410579113,0.6038188495811161,0.05298927,,,,,,,
313,64,8,percentile,0,0,0,0,0,0,0,0,64,0.020070606842637062,0,2.548967069014907,0.008077829144895077,0.007573314942419529,0,0,True,False,0.6141771410579113,0.5997351504661564,0.055643346,,,,,,,
313,64,9,minmax,1,0,2,0,1,0,1,0,64,0.0647488534450531,0,8.223104387521744,0.013756764121353626,0.010938053019344807,0,0,True,True,0.6141771410579113,0.6047898992222174,0.047558133,,,,,,,
313,64,9,percentile,0,0,0,0,0,0,0,0,64,0.01802092045545578,0,2.288656897842884,0.011506512761116028,0.007851043716073036,0,0,True,False,0.6141771410579113,0.6008384656656368,0.05479171,,,,,,,
313,64,10,minmax,1,0,1,0,1,0,1,0,64,0.07829917967319489,0,9.94399581849575,0.02537122368812561,0.017057543620467186,0,0,True,True,0.6141771410579113,0.6040132064710679,0.03344827,,,,,,,
313,64,10,percentile,0,0,0,0,0,0,0,0,64,0.01651623286306858,0,2.0975615736097097,0.010653931647539139,0.0089618731290102,0,0,True,False,0.6141771410579113,0.6002117351147054,0.05189964,,,,,,,
313,64,11,minmax,1,0,2,0,1,0,1,0,64,0.03791455924510956,0,4.815149024128914,0.01233597844839096,0.010131999850273132,0,0,True,True,0.6141771410579113,0.6051825319816283,0.0504338,,,,,,,
313,64,11,percentile,0,0,0,0,0,0,0,0,64,0.01651356741786003,0,2.097223062068224,0.008968882262706757,0.007376373279839754,0,0,True,False,0.6141771410579113,0.6012240565087452,0.056479577,,,,,,,
313,256,0,minmax,1,0,2,0,1,0,1,0,256,0.14525173604488373,0,18.446970477700233,0.03126019984483719,0.017057543620467186,0,0,True,True,0.6141771410579113,0.6064931856906791,0.03322826,0.7526041666666666,1.0,0.08262933896185132,0.19514389196410775,0.06456508487462997,0.03216060623526573,0.3034
313,256,0,percentile,0,0,0,0,0,0,0,0,256,0.01652522198855877,0,2.0987031925469637,0.009723021648824215,0.007987393997609615,0,0,True,False,0.6141771410579113,0.6020542065897395,0.05368258,0.761528326745718,0.98828125,0.09468687781190965,0.19514389196410775,0.0666428953409195,0.033594075590372086,0.373
313,256,1,minmax,1,0,1,0,1,0,1,0,256,0.1586688756942749,0,20.150947213172913,0.028992118313908577,0.013296887278556824,0,0,True,True,0.6141771410579113,0.6064233176341465,0.044316273,0.7285902503293807,0.98828125,0.08855004956421908,0.19514389196410775,0.06368018686771393,0.03341994434595108,0.3639
313,256,1,percentile,0,0,0,0,0,0,0,0,256,0.01650218293070793,0,2.0957772321999073,0.010206697508692741,0.007882041856646538,0,0,True,False,0.6141771410579113,0.6010344146410136,0.05433234,0.7768924302788844,0.98046875,0.09830743152997456,0.19514389196410775,0.06618866324424744,0.0338304303586483,0.385
313,256,2,minmax,1,0,1,0,1,0,1,0,256,0.07829917967319489,0,9.94399581849575,0.022081656381487846,0.016679376363754272,0,0,True,True,0.6141771410579113,0.603919518367216,0.03251969,0.7747035573122529,0.98828125,0.0716671425907407,0.19514389196410775,0.060662705451250076,0.0314025916159153,0.3155
313,256,2,percentile,0,0,0,0,0,0,0,0,256,0.019842417910695076,0,2.5199870746582747,0.009455866180360317,0.008380409330129623,0,0,True,False,0.6141771410579113,0.6012874337554687,0.05369065,0.775132275132275,0.984375,0.09297706856159493,0.19514389196410775,0.06371128559112549,0.03284118324518204,0.3775
313,256,3,minmax,1,0,2,0,1,0,1,0,256,0.06119672581553459,0,7.771984178572893,0.013775181956589222,0.009237830527126789,0,0,True,True,0.6141771410579113,0.6048551134905849,0.051022954,0.7808764940239044,0.98046875,0.08949876530095935,0.19514389196410775,0.06725557893514633,0.03367317467927933,0.363
313,256,3,percentile,0,0,0,0,0,0,0,0,256,0.016524311155080795,0,2.098587516695261,0.00850186962634325,0.007546332664787769,0,0,True,False,0.6141771410579113,0.6008642452027099,0.055200074,0.7613333333333333,0.9765625,0.10237277219130192,0.19514389196410775,0.06486168503761292,0.03224966302514076,0.3854
313,256,4,minmax,1,0,2,0,1,0,1,0,256,0.11841744184494019,0,15.039015114307404,0.022381681948900223,0.010453980416059494,0,0,True,True,0.6141771410579113,0.6067188331826363,0.04882062,0.7699346405228757,0.99609375,0.08773393802403007,0.19514389196410775,0.067252017557621,0.03497590124607086,0.3637
313,256,4,percentile,0,0,0,0,0,0,0,0,256,0.01798233576118946,0,2.2837566416710615,0.009475057944655418,0.007692455779761076,0,0,True,False,0.6141771410579113,0.6017690395965115,0.054047532,0.7654808959156785,0.98828125,0.08978245491744019,0.19514389196410775,0.06631042808294296,0.03351625055074692,0.377
313,256,5,minmax,2,0,3,0,1,0,1,0,256,0.0647488534450531,0,8.223104387521744,0.023538095876574516,0.014660215005278587,0,0,True,True,0.6141771410579113,0.604288882185801,0.040172383,0.7808398950131232,0.9921875,0.07900856563355774,0.19514389196410775,0.061550404876470566,0.03345395624637604,0.3457
313,256,5,percentile,0,0,0,0,0,0,0,0,256,0.01802092045545578,0,2.288656897842884,0.009930133819580078,0.008267845958471298,0,0,True,False,0.6141771410579113,0.6016852714095382,0.05380995,0.7773386034255599,0.98828125,0.09300187108601676,0.19514389196410775,0.06403999030590057,0.03323172777891159,0.3764
313,256,6,minmax,1,0,2,0,1,0,1,0,256,0.10500029474496841,0,13.335037432610989,0.02392340824007988,0.012136098928749561,0,0,True,True,0.6141771410579113,0.6034485060176543,0.03820668,0.7682291666666666,1.0,0.07952277963340748,0.19514389196410775,0.06638161838054657,0.034442439675331116,0.3291
313,256,6,percentile,0,0,0,0,0,0,0,0,256,0.016508834436535835,0,2.096621973440051,0.009251629933714867,0.008183570578694344,0,0,True,False,0.6141771410579113,0.6017026618811027,0.053567506,0.7685185185185186,0.984375,0.09128602065902669,0.19514389196410775,0.06815606355667114,0.033746592700481415,0.388
313,256,7,minmax,1,0,3,0,1,0,1,0,256,0.05133170261979103,0,6.519126232713461,0.012855303473770618,0.012165658175945282,0,0,True,True,0.6141771410579113,0.6050677181288686,0.044417504,0.7816993464052286,0.99609375,0.0755266176420264,0.19514389196410775,0.06423479318618774,0.03415514528751373,0.357
313,256,7,percentile,0,0,0,0,0,0,0,0,256,0.016517380252480507,0,2.0977072920650244,0.008618325926363468,0.007633237633854151,0,0,True,False,0.6141771410579113,0.5999413255286857,0.055323225,0.7650918635170603,0.9921875,0.09256796355475672,0.19514389196410775,0.06577730923891068,0.03323740512132645,0.3783
313,256,8,minmax,1,0,1,0,1,0,1,0,256,0.20975345373153687,0,26.638688623905182,0.06377742439508438,0.030503693968057632,0,0,True,True,0.6141771410579113,0.607341705988115,0.0154532185,0.7140974967061922,0.98828125,0.08783447040332248,0.19514389196410775,0.06168293207883835,0.030672429129481316,0.1346
313,256,8,percentile,0,0,0,0,0,0,0,0,256,0.018025686964392662,0,2.289262244477868,0.00990294013172388,0.007938705384731293,0,0,True,False,0.6141771410579113,0.6022710976118596,0.054182414,0.76171875,1.0,0.09224166029889602,0.19514389196410775,0.0650804191827774,0.03443296253681183,0.3757
313,256,9,minmax,1,0,2,0,1,0,1,0,256,0.04908711463212967,0,6.234063558280468,0.015855640172958374,0.011742467060685158,0,0,True,True,0.6141771410579113,0.6049214912059937,0.044839192,0.7891963109354413,0.98828125,0.08139322355418699,0.19514389196410775,0.06456400454044342,0.033393073827028275,0.3591
313,256,9,percentile,0,0,0,0,0,0,0,0,256,0.019869735464453697,0,2.5234564039856195,0.009685257449746132,0.007774797268211842,0,0,True,False,0.6141771410579113,0.6017834295993909,0.054871008,0.7786666666666667,0.9765625,0.09771504819218535,0.19514389196410775,0.06273674219846725,0.0335160568356514,0.3875
313,256,10,minmax,3,1,5,1,1,0,1,0,256,0.04549767076969147,0,5.778204187750816,0.013832918368279934,0.011648926883935928,0,0,True,True,0.6141771410579113,0.6055552636732275,0.04364375,0.7812911725955203,0.98828125,0.07495675677637337,0.19514389196410775,0.06621032953262329,0.03464987128973007,0.3559
313,256,10,percentile,0,0,0,0,0,0,0,0,256,0.019860798493027687,0,2.5223214086145163,0.008983291685581207,0.007547913119196892,0,0,True,False,0.6141771410579113,0.6024205087055844,0.055410292,0.7658730158730159,0.984375,0.09141063815332018,0.19514389196410775,0.06432966887950897,0.03373680263757706,0.3841
313,256,11,minmax,1,0,1,0,1,0,1,0,256,0.1586688756942749,0,20.150947213172913,0.028992118313908577,0.013296887278556824,0,0,True,True,0.6141771410579113,0.6065023095648451,0.044286247,0.7349081364829395,0.9921875,0.08675247832434252,0.19514389196410775,0.0643734261393547,0.03356506675481796,0.3643
313,256,11,percentile,0,0,0,0,0,0,0,0,256,0.019833609461784363,0,2.518868401646614,0.011211794801056385,0.008115775883197784,0,0,True,False,0.6141771410579113,0.6022540745446237,0.053807702,0.7694334650856389,0.98828125,0.08615645108511671,0.19514389196410775,0.06913518905639648,0.034793920814991,0.3852
