seed,size,draw,rule,members_flagged,nonmembers_flagged,members_flagged_three_scales,nonmembers_flagged_three_scales,members_flagged_hidden1,nonmembers_flagged_hidden1,members_flagged_hidden2,nonmembers_flagged_hidden2,count,step,zero_point,boundary,hidden1_step,hidden2_step,hidden1_zero_point,hidden2_zero_point,hidden_quantizers_post_relu,member_boundary_match,fp32_auroc,int8_auroc,mean_absolute_prediction_change,unique_fp32_probabilities,unique_int8_probabilities,activation_quantizer_count,probability_output_scale,top3_overlap_eligible,eligible_fraction,attr_l1_absolute_mean,fp_attr_l1_absolute_mean,top3_deletion,random3_deletion,threshold_disagreement
311,64,0,minmax,1,1,2,1,1,0,1,0,64,0.05133170261979103,0,6.519126232713461,0.012143269181251526,0.011292809620499611,0,0,True,True,0.6233482266801431,0.6229416325562364,0.0042842706,9987,53,12,0.007741500157862902,,,,,,,
311,64,0,percentile,0,0,0,0,0,0,0,0,64,0.016517380252480507,0,2.0977072920650244,0.00819433480501175,0.009947377257049084,0,0,True,False,0.6233482266801431,0.6214178231024087,0.006798169,9987,52,12,0.007737784646451473,,,,,,,
311,256,0,minmax,1,0,1,0,1,0,1,0,256,0.5792657136917114,0,73.56674563884735,0.07316025346517563,0.013241427950561047,0,0,True,True,0.6233482266801431,0.6246919467787886,0.017945597,9987,61,12,0.007848616689443588,0.6505376344086021,0.96875,0.12215195066528395,0.19691271253395826,0.06180785968899727,0.03396979719400406,0.1558
311,256,0,percentile,0,0,0,0,0,0,0,0,256,0.016404984518885612,0,2.083433033898473,0.00800190307199955,0.009853484109044075,0,0,True,False,0.6233482266801431,0.6206669711223871,0.0067781205,9987,65,12,0.007745479233562946,0.804,0.9765625,0.05565657004626701,0.19691271253395826,0.06175204738974571,0.03343263640999794,0.0567
312,64,0,minmax,1,0,2,0,1,0,1,0,64,0.05639013275504112,0,7.1615468598902225,0.021050097420811653,0.00868277158588171,0,0,True,True,0.6214203949327104,0.622412386620555,0.0074651656,9986,28,12,0.007758236490190029,,,,,,,
312,64,0,percentile,0,0,0,0,0,0,0,0,64,0.015942327678203583,0,2.024675615131855,0.009353314526379108,0.007792448624968529,0,0,True,False,0.6214203949327104,0.6170042561342133,0.009952328,9986,28,12,0.007754504214972258,,,,,,,
312,256,0,minmax,1,0,2,0,1,0,1,0,256,0.1075112447142601,0,13.653928078711033,0.02667151764035225,0.009623448364436626,0,0,True,True,0.6214203949327104,0.6208176681312627,0.005153516,9986,61,12,0.007788322400301695,0.8273092369477911,0.97265625,0.05104192404542118,0.19066545355599374,0.055765606462955475,0.03291783109307289,0.033
312,256,0,percentile,0,0,0,0,0,0,0,0,256,0.01648365706205368,0,2.0934244468808174,0.010053912177681923,0.0074102431535720825,0,0,True,False,0.6214203949327104,0.6178806991606403,0.006935925,9986,63,12,0.007773278281092644,0.8079561042524005,0.94921875,0.058932845618983265,0.19066545355599374,0.05474696308374405,0.030334006994962692,0.0313
313,64,0,minmax,1,0,2,0,1,0,1,0,64,0.0647488534450531,0,8.223104387521744,0.01765166036784649,0.008099781349301338,0,0,True,True,0.6141771410579113,0.6152055670083648,0.0046589808,9989,55,12,0.007750797551125288,,,,,,,
313,64,0,percentile,0,0,0,0,0,0,0,0,64,0.014922588132321835,0,1.895168692804873,0.008929258212447166,0.007273192051798105,0,0,True,False,0.6141771410579113,0.6090328068796705,0.008542996,9989,55,12,0.007747072726488113,,,,,,,
313,256,0,minmax,1,0,2,0,1,0,1,0,256,0.14525173604488373,0,18.446970477700233,0.03126019984483719,0.017057543620467186,0,0,True,True,0.6141771410579113,0.6151035510730596,0.005592706,9989,61,12,0.007803900633007288,0.8108465608465608,0.984375,0.06267341851525998,0.19514389196410775,0.05813296139240265,0.0314289927482605,0.0366
313,256,0,percentile,0,0,0,0,0,0,0,0,256,0.01652522198855877,0,2.0987031925469637,0.009723021648824215,0.007987393997609615,0,0,True,False,0.6141771410579113,0.6122047921526355,0.007495628,9989,55,12,0.007754809223115444,0.847277556440903,0.98046875,0.05606253496807767,0.19514389196410775,0.05694937705993652,0.030473975464701653,0.0341
