contrast,metric,n_seeds,n_paired_blocks_each,mean_difference,conditional_draw_ci_low,conditional_draw_ci_high,seed_t_ci_low,seed_t_ci_high,min_seed_difference,max_seed_difference
W8A8_pooled_p995: balanced - representative,auroc,3,24,0.00045802477663211026,0.00030824355706501096,0.0006103303063230831,0.00012916734617167072,0.0007868822070925497,0.0003701215900132569,0.0006102815529593122
W8A8_pooled_p995: balanced - representative,brier,3,24,-8.234082106449436e-06,-1.4536013009575963e-05,-2.091269722726016e-06,-3.194159960738425e-05,1.5473435394485377e-05,-1.6663864258211966e-05,2.127647072893447e-06
W8A8_pooled_p995: balanced - representative,sensitivity,3,24,-0.0014709525579090837,-0.0034532546760807693,0.0005419298897559693,-0.005524994260469732,0.0025830891446515644,-0.0032515793385358657,-4.6451133407653576e-05
W8A8_pooled_p995: balanced - representative,threshold_disagreement,3,24,-0.0024527777777777777,-0.0033292013888888885,-0.0015374652777777776,-0.004171793811607809,-0.000733761743947747,-0.003204166666666666,-0.0018416666666666668
W8A8_pooled_p995: balanced - representative,top3_overlap_eligible,3,24,0.002803096064814776,-1.8084490740761634e-05,0.005515769675925886,-0.007324035750523679,0.012930227880153232,-0.0014105902777778224,0.006727430555555515
W8A8_pooled_p995: balanced - representative,attr_l1_absolute_mean,3,24,-0.0029147246445348986,-0.003934390095236275,-0.0018497853234156873,-0.005240709776686684,-0.000588739512383113,-0.00376739543266408,-0.0019126830201952121
W8A8_pooled_p995: balanced - representative,top3_deletion,3,24,2.8180822522891656e-05,-0.0002337339422560129,0.0002959455561965926,-0.00084383731774407,0.0009001989627898533,-0.0003171966679031242,0.00038461134436289956
W8A8_pooled_p995: majority_only - representative,auroc,3,24,-2.748048303980825e-05,-0.0001945475022091609,0.00014871387597292378,-0.00021751189209170195,0.00016255092601208547,-7.933126941909545e-05,6.0376778037922e-05
W8A8_pooled_p995: majority_only - representative,brier,3,24,-1.7516042331288766e-06,-7.741209705054558e-06,4.271952795935663e-06,-1.1971951982790676e-05,8.468743516532924e-06,-5.7165875950420065e-06,2.497201818957411e-06
W8A8_pooled_p995: majority_only - representative,sensitivity,3,24,0.0004954787563483202,-0.001239083983649202,0.002276492629753507,-3.748949953542207e-05,0.0010284470122320624,0.0003716090672612332,0.0007432181345224803
W8A8_pooled_p995: majority_only - representative,threshold_disagreement,3,24,0.00025138888888888916,-0.0006375347222222224,0.0011083333333333338,-0.0015756071131377528,0.002078384890915531,-0.000583333333333333,0.0008041666666666671
W8A8_pooled_p995: majority_only - representative,top3_overlap_eligible,3,24,-0.0028754340277777992,-0.005968334056712984,0.0002350983796295706,-0.005174490826053197,-0.0005763772295024018,-0.003634982638888904,-0.0018446180555555802
W8A8_pooled_p995: majority_only - representative,attr_l1_absolute_mean,3,24,0.0003932023213573806,-0.0008029755484071914,0.001567901020098706,-0.0012740667626272393,0.0020604714053420003,-0.00026744037790351244,0.0010744187926061122
W8A8_pooled_p995: majority_only - representative,top3_deletion,3,24,1.8740322726566364e-05,-0.0002452383492880852,0.0002867355438991968,-0.00031295305763341587,0.00035043370308654865,-0.00012366715823590937,0.0001411191409328502
W4A8_pooled_p995: balanced - representative,auroc,3,24,0.00042381279992866684,0.000265151154087084,0.0005708000881743241,-0.00014275865721294687,0.0009903842570702806,0.00023998901787640006,0.0006790499479245362
W4A8_pooled_p995: balanced - representative,brier,3,24,1.5620794599067244e-06,-5.862368625563158e-06,9.233963524838677e-06,-1.4131491043193627e-05,1.7255649963007077e-05,-5.630232881700716e-06,6.2136709974627375e-06
W4A8_pooled_p995: balanced - representative,sensitivity,3,24,-0.0006038647342995195,-0.0021681066518023213,0.0010064412238325248,-0.0018030433100379218,0.0005953138414388827,-0.0008825715347454549,-4.6451133407667454e-05
W4A8_pooled_p995: balanced - representative,threshold_disagreement,3,24,-0.0012041666666666678,-0.0019000000000000006,-0.00048597222222222103,-0.0029670489758658308,0.0005587156425324949,-0.0018041666666666668,-0.0004208333333333332
W4A8_pooled_p995: balanced - representative,top3_overlap_eligible,3,24,0.0024233217592592774,0.0009042245370370519,0.0040147569444444605,-0.001550390098806482,0.0063970336173250365,0.0011935763888889044,0.004231770833333343
W4A8_pooled_p995: balanced - representative,attr_l1_absolute_mean,3,24,-0.0010291531274492134,-0.0013421450037773642,-0.0006858748082703977,-0.001153412408706125,-0.0009048938461923017,-0.001082589564360981,-0.0009834475431402384
W4A8_pooled_p995: balanced - representative,top3_deletion,3,24,0.0002816510414437844,2.9308687047569307e-05,0.0005500489691653153,-4.8413912695501884e-05,0.0006117159955830707,0.00016543979331269578,0.00042650565392172903
W4A8_pooled_p995: majority_only - representative,auroc,3,24,-9.248043221554701e-06,-0.00018008661240675203,0.00016202371437774025,-6.365347110671295e-05,4.515738466360354e-05,-3.438292177312489e-05,5.735589800095105e-06
W4A8_pooled_p995: majority_only - representative,brier,3,24,5.878648142269849e-07,-5.8397936457462615e-06,7.312593097782355e-06,-1.0679868598872792e-05,1.1855598227326762e-05,-2.649593691519958e-06,5.772164366404121e-06
W4A8_pooled_p995: majority_only - representative,sensitivity,3,24,0.000449027622940662,-0.0009294097609315129,0.0018425616251703263,-0.0004170457928704198,0.001315101038751744,9.290226681531177e-05,0.0007896692679301385
W4A8_pooled_p995: majority_only - representative,threshold_disagreement,3,24,0.00021249999999999858,-0.0005876041666666681,0.0010028124999999991,-0.0011315211110371648,0.0015565211110371618,-0.00040833333333333346,0.0005833333333333315
W4A8_pooled_p995: majority_only - representative,top3_overlap_eligible,3,24,0.00041594328703705965,-0.001283998842592566,0.00209780092592595,-0.0003263290489350881,0.0011582156230092074,0.0002170138888889043,0.000759548611111128
W4A8_pooled_p995: majority_only - representative,attr_l1_absolute_mean,3,24,0.0001341301187353102,-0.00020297111370112895,0.00046628357983426216,-0.00022104651023048885,0.0004893067477011093,-2.3880623522803263e-06,0.0002827928823395988
W4A8_pooled_p995: majority_only - representative,top3_deletion,3,24,-2.1604439917622294e-06,-0.00027959625876905307,0.0002714183139109896,-0.00018027183873628124,0.00017595095075275676,-8.43674504517258e-05,4.744730665849715e-05
W8A4_pooled_p995: balanced - representative,auroc,3,24,0.0011304121192046374,3.592748702010549e-05,0.002269884667290693,-0.0007701077278242817,0.0030309319662335564,0.00027922984133072853,0.0017607877973428675
W8A4_pooled_p995: balanced - representative,brier,3,24,-8.991527731019855e-05,-0.00013947341188140684,-3.6290121031569003e-05,-0.0003622022230749854,0.0001823716684545883,-0.00018428775455162893,3.0310558036537524e-05
W8A4_pooled_p995: balanced - representative,sensitivity,3,24,-0.03668091168091168,-0.05159249969032578,-0.02054572339898426,-0.07832928840522116,0.0049674650433977965,-0.04672984020810106,-0.01732627276105538
W8A4_pooled_p995: balanced - representative,threshold_disagreement,3,24,-0.0011444444444444438,-0.004448854166666667,0.0018252430555555567,-0.0047536100254397876,0.0024647211365508995,-0.0028208333333333327,-0.0002500000000000002
W8A4_pooled_p995: balanced - representative,top3_overlap_eligible,3,24,0.000500023532614404,-0.0035841651549049433,0.0045383105680514655,-0.01104742635032521,0.01204747341555402,-0.0037432768246187195,0.005468446142505505
W8A4_pooled_p995: balanced - representative,attr_l1_absolute_mean,3,24,-0.0018011652558944343,-0.005745005086565337,0.002384108589446445,-0.01861420709243907,0.015011876580650202,-0.009090770666503625,0.004283766823859812
W8A4_pooled_p995: balanced - representative,top3_deletion,3,24,-0.0004618382078489065,-0.0015764736180110337,0.000669952845238628,-0.006023379961127206,0.005099703545429393,-0.002526183777492305,0.0019179922639308608
W8A4_pooled_p995: majority_only - representative,auroc,3,24,-0.0008524886043764238,-0.001811362385225104,0.00011925495889363853,-0.0016163895857948286,-8.858762295801904e-05,-0.001207050791158265,-0.0006585467452405828
W8A4_pooled_p995: majority_only - representative,brier,3,24,1.2401981795421816e-06,-5.567081134774738e-05,6.158559202962163e-05,-4.524949288702995e-05,4.7729889246114315e-05,-1.0559932080776829e-05,2.2818422079976555e-05
W8A4_pooled_p995: majority_only - representative,sensitivity,3,24,-0.003731574383748288,-0.018658646104298276,0.01141188219992569,-0.031968519786326324,0.02450537101882975,-0.013424377554812308,0.00877926421404683
W8A4_pooled_p995: majority_only - representative,threshold_disagreement,3,24,-0.00023333333333333366,-0.002720868055555558,0.0022641666666666674,-0.004068412986341762,0.003601746319675095,-0.0014333333333333327,0.001508333333333332
W8A4_pooled_p995: majority_only - representative,top3_overlap_eligible,3,24,0.0017517214312681134,-0.002523707134229267,0.0059266897206855,-0.008819838717191393,0.012323281579727619,-0.001154830259572549,0.006636369825708056
W8A4_pooled_p995: majority_only - representative,attr_l1_absolute_mean,3,24,-0.00011585202499089899,-0.003877710994432302,0.003730183065303091,-0.004917064992619757,0.004685360942637959,-0.0015857166478244616,0.0020734322135953337
W8A4_pooled_p995: majority_only - representative,top3_deletion,3,24,-0.0005039645444125608,-0.0015268615693398919,0.0005377160087553694,-0.0029844621705358764,0.0019765330817107553,-0.0016494344074533193,0.00018276853855687773
W4A4_pooled_p995: balanced - representative,auroc,3,24,0.0002887474844880204,-0.0010126354949743868,0.0016033786855876038,-0.004439419439012203,0.005016914407988245,-0.0019020496589405949,0.0015358751140433224
W4A4_pooled_p995: balanced - representative,brier,3,24,-9.481114254840499e-05,-0.0001761891121246457,-1.2175889450074593e-05,-0.00045646043610474954,0.0002668381510079396,-0.00021170042411566316,6.826240224570557e-05
W4A4_pooled_p995: balanced - representative,sensitivity,3,24,-0.03824476650563607,-0.053280224204137264,-0.02243512325034064,-0.05550115706522723,-0.020988375946044906,-0.04268859160163507,-0.0302396878483835
W4A4_pooled_p995: balanced - representative,threshold_disagreement,3,24,0.004145833333333332,3.46874999999974e-05,0.008030590277777777,-0.012511443196996649,0.02080310986366331,-0.0035916666666666666,0.008262499999999997
W4A4_pooled_p995: balanced - representative,top3_overlap_eligible,3,24,0.0028905304763825403,-0.0024718888390324184,0.007931797291511018,0.00012991365672146253,0.005651147296043618,0.0021142809254089726,0.0041635622058083565
W4A4_pooled_p995: balanced - representative,attr_l1_absolute_mean,3,24,-0.005756732865887908,-0.010353300958061865,-0.0010690597082794542,-0.013303219190582848,0.0017897534588070321,-0.00909468062102118,-0.003153826431568054
W4A4_pooled_p995: balanced - representative,top3_deletion,3,24,-0.0008628488638882864,-0.001819032733800475,0.00013452764969821323,-0.004440699237488759,0.002715001509712186,-0.002158772179019913,0.0006877974022626007
W4A4_pooled_p995: majority_only - representative,auroc,3,24,0.0004510849170875383,-0.0006925073646537718,0.0015607820658353525,-0.0013556271425003868,0.0022577969766754634,-0.0001810129688421073,0.0012459905471765194
W4A4_pooled_p995: majority_only - representative,brier,3,24,-3.751027566132561e-05,-0.00010882510902319583,3.4231178966645626e-05,-0.00013852940110670577,6.350884978405456e-05,-7.984133844034409e-05,1.2551873502034128e-06
W4A4_pooled_p995: majority_only - representative,sensitivity,3,24,-0.0008825715347454506,-0.015561129691564477,0.013799470457079167,-0.031482083656709764,0.029716940587218865,-0.009057971014492757,0.01328502415458937
W4A4_pooled_p995: majority_only - representative,threshold_disagreement,3,24,-0.0009999999999999994,-0.004901597222222221,0.0027286111111111152,-0.009835953305082119,0.00783595330508212,-0.005095833333333334,0.0013125000000000012
W4A4_pooled_p995: majority_only - representative,top3_overlap_eligible,3,24,0.006377251602189832,0.0019353233091560756,0.010781098136203288,-0.006491562780956642,0.019246065985336305,0.0033215846646875435,0.012358585514975632
W4A4_pooled_p995: majority_only - representative,attr_l1_absolute_mean,3,24,-0.0021166756603872242,-0.005964444670748724,0.0017432125027208943,-0.009737542506225424,0.005504191185450975,-0.005008218791471523,0.0011012986693657069
W4A4_pooled_p995: majority_only - representative,top3_deletion,3,24,-0.00028060744523523387,-0.001164831696969279,0.0005539680350918851,-0.0018168370082877563,0.0012556221178172886,-0.0008047209847822501,0.00040146911841161276
W8A4_channel_p995: balanced - representative,auroc,3,24,0.0003455225094412401,-0.0008561038799815795,0.0015472949038134794,-0.004117039409479866,0.004808084428362346,-0.0017287037040438953,0.0014006499096817966
W8A4_channel_p995: balanced - representative,brier,3,24,0.00010994010146701565,2.705868986452261e-05,0.00019344775843355329,-0.00016903817808530544,0.0003889183810193368,-7.101028878097927e-06,0.00021681549736922144
W8A4_channel_p995: balanced - representative,sensitivity,3,24,0.003561253561253555,-0.0027874550972377013,0.010173185309054873,-0.009704364067958583,0.016826871190465692,-0.0023690078037904203,0.007989594946116674
W8A4_channel_p995: balanced - representative,threshold_disagreement,3,24,0.002481944444444443,0.00044854166666666426,0.004615486111111111,-0.000249319447849939,0.005213208336738825,0.0016708333333333343,0.003733333333333333
W8A4_channel_p995: balanced - representative,top3_overlap_eligible,3,24,-0.007107827861272452,-0.011445016039264403,-0.002701828053029454,-0.011803888403131176,-0.0024117673194137294,-0.00877100924352348,-0.005051878615892995
W8A4_channel_p995: balanced - representative,attr_l1_absolute_mean,3,24,0.008320093781859076,0.005450363485227054,0.011265892938340513,0.003777994874935922,0.01286219268878223,0.006405399108244406,0.01004793072120456
W8A4_channel_p995: balanced - representative,top3_deletion,3,24,0.0017330482318893038,0.000496105573771415,0.0030071668442766073,-0.0009209499008557805,0.004387046364634388,0.0005312953663293681,0.0025753250243754355
W8A4_channel_p995: majority_only - representative,auroc,3,24,-9.464913832311452e-06,-0.0012742202118673728,0.0012743442958756649,-0.0009080866988886237,0.0008891568712240009,-0.00042191794612163325,0.0002539503823719887
W8A4_channel_p995: majority_only - representative,brier,3,24,-0.00011996513774550833,-0.0002097471012780696,-3.185409097385877e-05,-0.0002566205327441647,1.6690257253148028e-05,-0.00017687704272683485,-6.707543067238236e-05
W8A4_channel_p995: majority_only - representative,sensitivity,3,24,-0.007029604855691811,-0.015328874024526193,0.0016103059581320494,-0.01056805351687423,-0.003491156194509392,-0.008175399479747311,-0.005434782608695639
W8A4_channel_p995: majority_only - representative,threshold_disagreement,3,24,-0.0011083333333333347,-0.0030016319444444435,0.0009069444444444429,-0.003547052407790574,0.0013303857411239046,-0.00224166666666667,-0.0005208333333333355
W8A4_channel_p995: majority_only - representative,top3_overlap_eligible,3,24,0.0016242374844349589,-0.0032021402946779075,0.006441175179605222,-0.0062458906385367335,0.00949436560740665,-0.00042092420583503726,0.005273637339967825
W8A4_channel_p995: majority_only - representative,attr_l1_absolute_mean,3,24,-0.00031983503308010596,-0.0035971591629129726,0.0029310032790367574,-0.0059356667024055764,0.005295996636245365,-0.002580638465624927,0.0019407144498655219
W8A4_channel_p995: majority_only - representative,top3_deletion,3,24,-0.0019524915017531737,-0.003420634720757417,-0.0005021037961937101,-0.0036195062626076663,-0.00028547674089868095,-0.002474658881814728,-0.0011955928533893597
W8A4_channel_minmax: balanced - representative,auroc,3,24,-0.004015913016290332,-0.00855357262506542,0.0008002237227015119,-0.012754397741787205,0.00472257170920654,-0.008062718613229916,-0.0016894730862653344
W8A4_channel_minmax: balanced - representative,brier,3,24,-0.0013888152294870076,-0.005748928207722408,0.002299214616971741,-0.007816545448918513,0.005038914989944497,-0.0033153720911199645,0.0015522119247309244
W8A4_channel_minmax: balanced - representative,sensitivity,3,24,-0.012665675709153971,-0.02197177319459929,-0.004025377802551715,-0.03449939130900045,0.009168039890692507,-0.022714604236343375,-0.006410256410256401
W8A4_channel_minmax: balanced - representative,threshold_disagreement,3,24,0.01782361111111111,0.0024843402777777754,0.03166961805555556,0.012624754423924071,0.023022467798298148,0.01565,0.019824999999999995
W8A4_channel_minmax: balanced - representative,top3_overlap_eligible,3,24,-0.009226264896371574,-0.01795263684858402,-2.6961808528527216e-05,-0.031161016018326666,0.012708486225583517,-0.01692201907512045,0.0004137716728756999
W8A4_channel_minmax: balanced - representative,attr_l1_absolute_mean,3,24,0.04384266198047825,-0.004203498362458998,0.08813718253225789,-0.00022280500473204762,0.08790812896568856,0.025158157316869514,0.06045332370460088
W8A4_channel_minmax: balanced - representative,top3_deletion,3,24,0.005656728544228093,-0.006539784238462282,0.017469222656726725,-0.005604646276275153,0.01691810336473134,0.0013440620248959308,0.01038242187293318
W8A4_channel_minmax: majority_only - representative,auroc,3,24,0.004477008000392567,0.00029732601411521387,0.009022773616005255,-0.0024709611275779367,0.011424977128363071,0.0022923274586605924,0.0076292554963585625
W8A4_channel_minmax: majority_only - representative,brier,3,24,-0.00474414143875326,-0.009110049466239115,-0.0011856389144451118,-0.007027905813657323,-0.0024603770638491965,-0.005546864628797451,-0.0037411897994455118
W8A4_channel_minmax: majority_only - representative,sensitivity,3,24,-0.010374086461042974,-0.0195574755357364,-0.0016087575870184485,-0.041547889065014644,0.020799716142928693,-0.0226681531029357,0.0024154589371980736
W8A4_channel_minmax: majority_only - representative,threshold_disagreement,3,24,-0.011750000000000002,-0.027167430555555556,0.0022042013888888944,-0.054845124576758386,0.03134512457675838,-0.03136250000000001,0.0015875000000000032
W8A4_channel_minmax: majority_only - representative,top3_overlap_eligible,3,24,0.005351059622641215,-0.0036316502424674603,0.015026295354726086,-0.01669293309513705,0.02739505234041948,-0.0013922490004455977,0.015404178205378274
W8A4_channel_minmax: majority_only - representative,attr_l1_absolute_mean,3,24,-0.040530891569350705,-0.0879006087685276,0.0034105651207799316,-0.18678569086979357,0.10572390773109215,-0.10515504071294263,0.010059903275769251
W8A4_channel_minmax: majority_only - representative,top3_deletion,3,24,-0.012183132731269865,-0.023343213197673036,-0.0022494578420312753,-0.04509132157139401,0.020725056108854285,-0.026895085498451193,-0.001199408781030882
W4A8_pooled_p995 - W8A8_pooled_p995,auroc,3,72,-0.00260959555464711,-0.0026786321675294606,-0.0025425140728444905,-0.03209497933161447,0.02687578822232025,-0.01533672303969005,0.008158437646566277
W4A8_pooled_p995 - W8A8_pooled_p995,brier,3,72,0.00020433025976447747,0.00020117272631764996,0.0002075481383126619,-4.010660630031007e-05,0.000448767125829265,0.00010646282626693805,0.00030325250610380064
W4A8_pooled_p995 - W8A8_pooled_p995,sensitivity,3,72,-0.051023989429786525,-0.051488500763863077,-0.05056980056980056,-0.26418006898444607,0.16213209012487304,-0.13094574507617984,0.03965378421900161
W4A8_pooled_p995 - W8A8_pooled_p995,threshold_disagreement,3,72,0.12776712962962963,0.12741013888888886,0.12813614583333333,0.10250315353596996,0.1530311057232893,0.11797916666666665,0.13828055555555555
W4A8_pooled_p995 - W8A8_pooled_p995,top3_overlap_eligible,3,72,-0.17710744598765435,-0.17822265624999997,-0.17599223572530862,-0.21418717831055156,-0.14002771366475714,-0.18701171874999997,-0.15993923611111116
W4A8_pooled_p995 - W8A8_pooled_p995,attr_l1_absolute_mean,3,72,0.06284638364749358,0.0624860338371007,0.06321687050453167,0.05283246970886561,0.07286029758612154,0.06036991684324194,0.06749789211679363
W4A8_pooled_p995 - W8A8_pooled_p995,top3_deletion,3,72,0.0016921241924105436,0.0015526836132445457,0.0018311852500243813,-0.0188908847648948,0.022275133149715885,-0.007689872511793531,0.00800721905310549
W8A4_pooled_p995 - W8A8_pooled_p995,auroc,3,72,-0.006176770959284125,-0.006593829848498733,-0.00575843156959661,-0.011808823291103158,-0.0005447186274650908,-0.008162759750267935,-0.0037065798332389854
W8A4_pooled_p995 - W8A8_pooled_p995,brier,3,72,0.0008380339644259207,0.0008160099982520722,0.0008596401448769735,0.0003481276673962235,0.001327940261455618,0.0006105058416751128,0.0009599532280562029
W8A4_pooled_p995 - W8A8_pooled_p995,sensitivity,3,72,0.002430942648333948,-0.004527308105206655,0.009073841818407029,-0.034137288607104355,0.03899917390377225,-0.011674718196457335,0.01769788182831661
W8A4_pooled_p995 - W8A8_pooled_p995,threshold_disagreement,3,72,0.10146203703703705,0.10026247685185184,0.10273200231481482,0.0852262432976145,0.1176978307764596,0.09544027777777779,0.1084125
W8A4_pooled_p995 - W8A8_pooled_p995,top3_overlap_eligible,3,72,-0.3220317460783557,-0.3238789869166226,-0.3202891572426607,-0.33205190555818964,-0.3120115865985218,-0.32639278946532313,-0.3184347625045388
W8A4_pooled_p995 - W8A8_pooled_p995,attr_l1_absolute_mean,3,72,0.16843086831445198,0.16690748355480714,0.16995198629199088,0.1343187056704,0.20254303095850396,0.15274754062038168,0.17829554151998803
W8A4_pooled_p995 - W8A8_pooled_p995,top3_deletion,3,72,0.014576228056175249,0.014079624786743121,0.015064096340158746,0.0061787861670798035,0.022973669945270694,0.011719385185231702,0.01830814935015487
W4A4_pooled_p995 - W8A4_pooled_p995,auroc,3,72,-0.001029143749651557,-0.0015700142902594022,-0.0005160245535541809,-0.03450638333991642,0.032448095840613304,-0.016516895482680753,0.008022624765373208
W4A4_pooled_p995 - W8A4_pooled_p995,brier,3,72,4.817345531783045e-06,-2.0820906885320943e-05,3.0767869783841134e-05,-0.0011409317737126356,0.001150566464776202,-0.000483758430204196,0.000432680253278594
W4A4_pooled_p995 - W8A4_pooled_p995,sensitivity,3,72,-0.04289504108344689,-0.04499063235476279,-0.04085080412073166,-0.22743990671189324,0.14164982454499947,-0.11344915149262978,0.03463706181097485
W4A4_pooled_p995 - W8A4_pooled_p995,threshold_disagreement,3,72,0.05528009259259259,0.05331943287037037,0.05723197916666666,0.013357850187762248,0.09720233499742292,0.03602083333333334,0.06748055555555554
W4A4_pooled_p995 - W8A4_pooled_p995,top3_overlap_eligible,3,72,-0.01693264242178915,-0.019507238300210093,-0.01446311534851906,-0.04658319678846619,0.012717911944887892,-0.029675727351125628,-0.006013864918821878
W4A4_pooled_p995 - W8A4_pooled_p995,attr_l1_absolute_mean,3,72,-0.0006228821660081806,-0.0019319978691532988,0.0005501656845349397,-0.03857226004980568,0.03732649571778932,-0.018172877549825023,0.009693287308635565
W4A4_pooled_p995 - W8A4_pooled_p995,top3_deletion,3,72,-0.004795701652929242,-0.005287730877188154,-0.004238647289443321,-0.024189897064999816,0.014598493759141334,-0.013568110226631404,0.0013894552867153268
W8A4_channel_p995 - W8A4_pooled_p995,auroc,3,72,-0.0008378808804134378,-0.0015234769472403356,-9.93557692097814e-05,-0.0045813198369815036,0.002905558076154628,-0.002449932859580404,0.0005354416313655839
W8A4_channel_p995 - W8A4_pooled_p995,brier,3,72,0.00012628398973848026,8.337065459875543e-05,0.00016850131090410676,-0.00030164985356635483,0.0005542178330433153,-8.942178013886441e-06,0.00032023463057561437
W8A4_channel_p995 - W8A4_pooled_p995,sensitivity,3,72,0.01561274206201743,0.0078756606383418,0.023427113010446345,-0.023626995506851864,0.05485247963088673,0.002972872538089926,0.03332094636442463
W8A4_channel_p995 - W8A4_pooled_p995,threshold_disagreement,3,72,0.0062101851851851875,0.004647164351851853,0.00769962962962963,-0.007048849275912609,0.019469219646282985,0.002081944444444445,0.012237500000000004
W8A4_channel_p995 - W8A4_pooled_p995,top3_overlap_eligible,3,72,0.004306354068184239,0.0014694795555085698,0.007084170985476336,-0.019526231340455003,0.028138939476823478,-0.0059265358342411,0.013098260723299992
W8A4_channel_p995 - W8A4_pooled_p995,attr_l1_absolute_mean,3,72,0.000383665072846496,-0.0016522829583784928,0.0024483351293885826,-0.01865966987359802,0.01942700001929101,-0.008236033090198951,0.006437864760872846
W8A4_channel_p995 - W8A4_pooled_p995,top3_deletion,3,72,0.001155720645592388,0.0004192972143754246,0.001921736310680835,-0.011027173768341616,0.01333861505952639,-0.0027458622535815476,0.00666110787951996
W8A4_channel_minmax - W8A4_channel_p995,auroc,3,72,-0.013862521674984358,-0.01575262062930764,-0.01208999399110219,-0.018120601706331563,-0.009604441643637152,-0.015813628316553766,-0.012598779205225237
W8A4_channel_minmax - W8A4_channel_p995,brier,3,72,0.005218660574588939,0.003954333155429485,0.006798431831986105,0.0019387223224926853,0.008498598826685192,0.0037044198853073817,0.006129527271376268
W8A4_channel_minmax - W8A4_channel_p995,sensitivity,3,72,-0.0013832115281390694,-0.005455685618729106,0.0031484836285560844,-0.028640912745987672,0.025874489689709533,-0.011426978818283163,0.010327635327635315
W8A4_channel_minmax - W8A4_channel_p995,threshold_disagreement,3,72,0.07089583333333334,0.06566502314814815,0.07649778935185185,0.04116840815402743,0.10062325851263924,0.05712222222222222,0.07874305555555555
W8A4_channel_minmax - W8A4_channel_p995,top3_overlap_eligible,3,72,-0.0698360750808042,-0.0734974577003966,-0.06619986120656794,-0.09399714565764458,-0.0456750045039638,-0.07990665136109287,-0.060495509395505714
W8A4_channel_minmax - W8A4_channel_p995,attr_l1_absolute_mean,3,72,0.19522797574583609,0.17892120374379222,0.21308076913393906,0.08004769839089738,0.3104082531007748,0.14199061790734946,0.22676312538758264
W8A4_channel_minmax - W8A4_channel_p995,top3_deletion,3,72,0.02822377879830835,0.024367789678889227,0.03248758711548167,0.004277483327187647,0.05217007426942906,0.017260879402678675,0.03537393466635718
