size,method,access,group,membership,flagged,total,rate
64,minmax,all_scales_with_fp32_parent,all,member,1078,28800,0.03743055555555556
64,minmax,all_scales_with_fp32_parent,all,nonmember,71,28800,0.0024652777777777776
64,minmax,all_scales_with_fp32_parent,other,member,32,25381,0.0012607856270438517
64,minmax,all_scales_with_fp32_parent,other,nonmember,2,25436,7.862871520679352e-05
64,minmax,all_scales_with_fp32_parent,rare,member,1046,3419,0.30593740859900553
64,minmax,all_scales_with_fp32_parent,rare,nonmember,69,3364,0.02051129607609988
64,minmax,pooled_input_scale,all,member,503,28800,0.017465277777777777
64,minmax,pooled_input_scale,all,nonmember,70,28800,0.0024305555555555556
64,minmax,pooled_input_scale,other,member,9,25381,0.00035459595760608327
64,minmax,pooled_input_scale,other,nonmember,2,25436,7.862871520679352e-05
64,minmax,pooled_input_scale,rare,member,494,3419,0.1444866920152091
64,minmax,pooled_input_scale,rare,nonmember,68,3364,0.020214030915576695
64,p99_5,all_scales_with_fp32_parent,all,member,629,28800,0.021840277777777778
64,p99_5,all_scales_with_fp32_parent,all,nonmember,358,28800,0.012430555555555556
64,p99_5,all_scales_with_fp32_parent,other,member,464,25381,0.01828139159213585
64,p99_5,all_scales_with_fp32_parent,other,nonmember,282,25436,0.011086648844157887
64,p99_5,all_scales_with_fp32_parent,rare,member,165,3419,0.048259725065808716
64,p99_5,all_scales_with_fp32_parent,rare,nonmember,76,3364,0.022592152199762187
64,p99_5,pooled_input_scale,all,member,629,28800,0.021840277777777778
64,p99_5,pooled_input_scale,all,nonmember,358,28800,0.012430555555555556
64,p99_5,pooled_input_scale,other,member,464,25381,0.01828139159213585
64,p99_5,pooled_input_scale,other,nonmember,282,25436,0.011086648844157887
64,p99_5,pooled_input_scale,rare,member,165,3419,0.048259725065808716
64,p99_5,pooled_input_scale,rare,nonmember,76,3364,0.022592152199762187
256,minmax,all_scales_with_fp32_parent,all,member,973,115200,0.008446180555555556
256,minmax,all_scales_with_fp32_parent,all,nonmember,84,115200,0.0007291666666666667
256,minmax,all_scales_with_fp32_parent,other,member,0,101460,0.0
256,minmax,all_scales_with_fp32_parent,other,nonmember,0,101462,0.0
256,minmax,all_scales_with_fp32_parent,rare,member,973,13740,0.0708151382823872
256,minmax,all_scales_with_fp32_parent,rare,nonmember,84,13738,0.0061144271364099575
256,minmax,pooled_input_scale,all,member,491,115200,0.004262152777777778
256,minmax,pooled_input_scale,all,nonmember,84,115200,0.0007291666666666667
256,minmax,pooled_input_scale,other,member,0,101460,0.0
256,minmax,pooled_input_scale,other,nonmember,0,101462,0.0
256,minmax,pooled_input_scale,rare,member,491,13740,0.035735080058224164
256,minmax,pooled_input_scale,rare,nonmember,84,13738,0.0061144271364099575
256,p99_5,all_scales_with_fp32_parent,all,member,2575,115200,0.022352430555555556
256,p99_5,all_scales_with_fp32_parent,all,nonmember,2116,115200,0.018368055555555554
256,p99_5,all_scales_with_fp32_parent,other,member,2067,101460,0.0203725606150207
256,p99_5,all_scales_with_fp32_parent,other,nonmember,1678,101462,0.01653821135006209
256,p99_5,all_scales_with_fp32_parent,rare,member,508,13740,0.03697234352256187
256,p99_5,all_scales_with_fp32_parent,rare,nonmember,438,13738,0.03188237006842335
256,p99_5,pooled_input_scale,all,member,2570,115200,0.02230902777777778
256,p99_5,pooled_input_scale,all,nonmember,2116,115200,0.018368055555555554
256,p99_5,pooled_input_scale,other,member,2064,101460,0.02034299231224128
256,p99_5,pooled_input_scale,other,nonmember,1678,101462,0.01653821135006209
256,p99_5,pooled_input_scale,rare,member,506,13740,0.03682678311499272
256,p99_5,pooled_input_scale,rare,nonmember,438,13738,0.03188237006842335
